asn,org,country,vpn_signals,tor_signals,public_feed_overlap,confidence,sources
212238,CDNEXT,GB,5225,10,3,medium,"asn-vpn-multi-provider,bad-cidrs-v4,tor-radar-network"
9009,M247,RO,4861,52,3,medium,"asn-vpn-multi-provider,bad-cidrs-v4,tor-radar-network"
62651,NETPROTECT-62651,US,3011,0,1,low,asn-vpn-multi-provider
62240,CLOUVIDER Clouvider - Global ASN,GB,2305,4,3,medium,"asn-vpn-multi-provider,bad-cidrs-v4,tor-radar-network"
60068,CDN77 _,GB,1217,0,2,low,"asn-vpn-multi-provider,bad-cidrs-v4"
137409,GSLNETWORKS-AS-AP GSL Networks Pty LTD,AU,1098,0,1,low,asn-vpn-multi-provider
36849,1st Amendment Encrypted Openness LLC,US,0,1004,1,low,tor-radar-network
16276,OVH,FR,148,621,3,medium,"asn-vpn-multi-provider,bad-cidrs-v4,tor-radar-network"
11878,TZULO,US,599,104,2,low,"asn-vpn-multi-provider,tor-radar-network"
25369,BANDWIDTH-AS,GB,665,0,2,low,"asn-vpn-multi-provider,bad-cidrs-v4"
215125,Church of Cyberology,NL,0,630,1,low,tor-radar-network
49453,GLOBALLAYER,NL,624,1,3,medium,"asn-vpn-multi-provider,bad-cidrs-v4,tor-radar-network"
140952,"STL-AS-AP Strong Technology, LLC",US,562,0,1,low,asn-vpn-multi-provider
174,COGENT-174,US,476,17,3,medium,"asn-vpn-multi-provider,bad-cidrs-v4,tor-radar-network"
14061,DIGITALOCEAN-ASN,US,189,151,3,medium,"asn-vpn-multi-provider,bad-cidrs-v4,tor-radar-network"
24940,HETZNER-AS,DE,70,375,3,medium,"asn-vpn-multi-provider,bad-cidrs-v4,tor-radar-network"
22781,STRTEC,US,408,0,1,low,asn-vpn-multi-provider
197540,NETCUP-AS netcup GmbH,DE,25,315,3,medium,"asn-vpn-multi-provider,bad-cidrs-v4,tor-radar-network"
60729,Stiftung Erneuerbare Freiheit,DE,0,322,1,low,tor-radar-network
21859,ZEN-ECN,US,295,3,3,medium,"asn-vpn-multi-provider,bad-cidrs-v4,tor-radar-network"
36352,AS-COLOCROSSING,US,168,128,3,medium,"asn-vpn-multi-provider,bad-cidrs-v4,tor-radar-network"
8560,IONOS SE,DE,0,291,2,low,"bad-cidrs-v4,tor-radar-network"
53667,PONYNET,US,97,181,3,medium,"asn-vpn-multi-provider,bad-cidrs-v4,tor-radar-network"
39287,ABSTRACT,RO,244,7,2,low,"asn-vpn-multi-provider,tor-radar-network"
32489,AMANAHA-NEW,CA,233,1,2,low,"asn-vpn-multi-provider,tor-radar-network"
396356,LATITUDE-SH,US,222,0,1,low,asn-vpn-multi-provider
20473,AS-VULTR,US,140,77,2,low,"asn-vpn-multi-provider,tor-radar-network"
42708,GLESYS glesys.com,SE,186,9,3,medium,"asn-vpn-multi-provider,bad-cidrs-v4,tor-radar-network"
203020,HOSTROYALE,IN,192,3,3,medium,"asn-vpn-multi-provider,bad-cidrs-v4,tor-radar-network"
12876,Online SAS,FR,101,86,3,medium,"asn-vpn-multi-provider,bad-cidrs-v4,tor-radar-network"
136258,"ONEPROVIDER-AS BrainStorm Network, Inc",CA,175,16,2,low,"asn-vpn-multi-provider,tor-radar-network"
63949,AKAMAI-LINODE-AP Akamai Connected Cloud,US,83,106,2,low,"asn-vpn-multi-provider,tor-radar-network"
46844,SHARKTECH,US,170,1,3,medium,"asn-vpn-multi-provider,bad-cidrs-v4,tor-radar-network"
31898,Oracle Corporation,GB,0,160,2,low,"bad-cidrs-v4,tor-radar-network"
136557,HOST-AS-AP Host Universal Pty Ltd,AU,170,0,1,low,asn-vpn-multi-provider
210558,1337 Services GmbH,NL,0,161,3,medium,"bad-cidrs-v4,spamhaus-asndrop,tor-radar-network"
214503,QuxLabs AB,SE,0,156,1,low,tor-radar-network
208323,Foundation for Applied Privacy,AT,0,153,1,low,tor-radar-network
198093,Foreningen for digitala fri- och rattigheter,SE,0,149,1,low,tor-radar-network
206804,ESTNOC-GLOBAL,EE,136,7,2,low,"asn-vpn-multi-provider,tor-radar-network"
13213,UK2NET-AS,GB,137,3,2,low,"asn-vpn-multi-provider,tor-radar-network"
42831,"UKSERVERS-AS UK Dedicated Servers, Hosting and Co-Location",GB,138,1,3,medium,"asn-vpn-multi-provider,bad-cidrs-v4,tor-radar-network"
51167,Contabo GmbH,DE,0,101,2,low,"bad-cidrs-v4,tor-radar-network"
54203,NETPROTECT-SP,US,126,0,1,low,asn-vpn-multi-provider
209847,THE,MD,101,23,3,medium,"asn-vpn-multi-provider,spamhaus-asndrop,tor-radar-network"
262287,Latitude.sh LTDA,BR,121,2,2,low,"asn-vpn-multi-provider,tor-radar-network"
401401,Unredacted Inc,US,0,123,1,low,tor-radar-network
43350,NFORCE,NL,107,13,2,low,"asn-vpn-multi-provider,tor-radar-network"
3223,VOXILITY,GB,114,4,3,medium,"asn-vpn-multi-provider,bad-cidrs-v4,tor-radar-network"
56655,GIGAHOST,NO,33,84,2,low,"asn-vpn-multi-provider,tor-radar-network"
206092,SECFIREWALLAS,CY,116,0,1,low,asn-vpn-multi-provider
51430,ALTUS,NL,112,0,1,low,asn-vpn-multi-provider
22363,PHMGMT-AS1,US,108,0,1,low,asn-vpn-multi-provider
27284,FOURPLEX-ASN,US,29,76,2,low,"asn-vpn-multi-provider,tor-radar-network"
200651,FLOKINET,IS,36,66,3,medium,"asn-vpn-multi-provider,bad-cidrs-v4,tor-radar-network"
13737,AS-INCX,US,100,0,1,low,asn-vpn-multi-provider
396507,Emerald Onion,US,0,97,2,low,"bad-cidrs-v4,tor-radar-network"
43289,TRABIA,MD,87,11,2,low,"asn-vpn-multi-provider,tor-radar-network"
51852,PLI-AS,PA,48,45,3,medium,"asn-vpn-multi-provider,bad-cidrs-v4,tor-radar-network"
42675,OBEHOSTING Obehosting AB,SE,81,9,2,low,"asn-vpn-multi-provider,tor-radar-network"
62744,QUINTEX,US,89,1,2,low,"asn-vpn-multi-provider,tor-radar-network"
3320,Deutsche Telekom AG,DE,0,85,2,low,"bad-cidrs-v4,tor-radar-network"
40676,AS40676 - Psychz Networks,US,76,9,3,medium,"asn-vpn-multi-provider,bad-cidrs-v4,tor-radar-network"
55286,SERVER-MANIA,CA,80,3,3,medium,"asn-vpn-multi-provider,bad-cidrs-v4,tor-radar-network"
60404,LITESERVER,NL,30,50,2,low,"asn-vpn-multi-provider,tor-radar-network"
51765,CREANOVA-AS Oy Creanova Hosting Solutions Ltd.,FI,67,11,2,low,"asn-vpn-multi-provider,tor-radar-network"
60781,LEASEWEB-NL-AMS-01 Netherlands,NL,53,22,2,low,"asn-vpn-multi-provider,tor-radar-network"
6206,NETROUTING-AS,NL,71,3,2,low,"asn-vpn-multi-provider,tor-radar-network"
13926,NETPROTECT-PHX,US,72,0,1,low,asn-vpn-multi-provider
8075,MICROSOFT-CORP-MSN-AS-BLOCK,US,2,7,3,medium,"asn-vpn-multi-provider,bad-cidrs-v4,tor-radar-network"
49981,WORLDSTREAM,NL,53,16,3,medium,"asn-vpn-multi-provider,bad-cidrs-v4,tor-radar-network"
41564,AS41564,GB,69,0,1,low,asn-vpn-multi-provider
63023,AS-GLOBALTELEHOST,US,46,22,2,low,"asn-vpn-multi-provider,tor-radar-network"
20860,IOMART-AS,GB,48,17,2,low,"asn-vpn-multi-provider,tor-radar-network"
63473,HOSTHATCH,US,52,13,2,low,"asn-vpn-multi-provider,tor-radar-network"
35758,HQSERV_NETWORKS,IL,62,2,2,low,"asn-vpn-multi-provider,tor-radar-network"
29222,Infomaniak Network SA,CH,0,61,1,low,tor-radar-network
52048,RIXHOST,LV,38,23,2,low,"asn-vpn-multi-provider,tor-radar-network"
58065,PACKETEXCHANGE,GB,61,0,1,low,asn-vpn-multi-provider
211619,MAXKO d.o.o.,RS,0,59,2,low,"spamhaus-asndrop,tor-radar-network"
132372,GBNETWORK-AS-AP GB Network Solutions Sdn. Bhd.,MY,59,0,1,low,asn-vpn-multi-provider
394256,CLOUDSINGULARITY,CA,59,0,1,low,asn-vpn-multi-provider
200019,ALEXHOST,MD,5,39,3,medium,"asn-vpn-multi-provider,bad-cidrs-v4,tor-radar-network"
7018,"AT&T Enterprises, LLC",US,0,56,1,low,tor-radar-network
4766,KIXS-AS-KR Korea Telecom,KR,25,11,3,medium,"asn-vpn-multi-provider,bad-cidrs-v4,tor-radar-network"
24961,MYLOC-AS IP Backbone of WIIT AG formerly myLoc managed IT AG,DE,23,31,3,medium,"asn-vpn-multi-provider,bad-cidrs-v4,tor-radar-network"
7922,"Comcast Cable Communications, LLC",US,0,54,1,low,tor-radar-network
133480,INT-5GN-AS-AP 5G NETWORK OPERATIONS PTY LTD,AU,53,0,1,low,asn-vpn-multi-provider
45671,AS45671-NET-AU Wholesale Services Provider,AU,52,0,1,low,asn-vpn-multi-provider
3209,Vodafone GmbH,DE,0,51,1,low,tor-radar-network
63018,DEDICATED,US,48,3,2,low,"asn-vpn-multi-provider,tor-radar-network"
1205,University Linz,AT,0,50,1,low,tor-radar-network
29802,HVC-AS,US,13,37,2,low,"asn-vpn-multi-provider,tor-radar-network"
43357,OWL Owl Limited,VU,44,0,2,low,"asn-vpn-multi-provider,bad-cidrs-v4"
61272,IST-AS,LT,44,5,2,low,"asn-vpn-multi-provider,tor-radar-network"
20278,NEXEON,US,48,0,1,low,asn-vpn-multi-provider
46562,PERFORMIVE,US,48,0,1,low,asn-vpn-multi-provider
197706,"KEMINET A datacenter located in TiranaAlbania. Webhosting, Dedicated Servers, VPS, IPv4IPv6 leasing",AL,45,3,2,low,"asn-vpn-multi-provider,tor-radar-network"
57169,EDIS-AS-EU,AT,42,4,2,low,"asn-vpn-multi-provider,tor-radar-network"
45179,SITEHOST-AS-AP SiteHost New Zealand,NZ,44,0,1,low,asn-vpn-multi-provider
28753,LEASEWEB-DE-FRA-10,DE,22,18,2,low,"asn-vpn-multi-provider,tor-radar-network"
701,Verizon Business,US,0,39,1,low,tor-radar-network
12322,Free SAS,FR,0,35,2,low,"bad-cidrs-v4,tor-radar-network"
41281,KeFF Networks Ltd,SE,0,39,1,low,tor-radar-network
46475,LIMESTONENETWORKS,US,34,5,2,low,"asn-vpn-multi-provider,tor-radar-network"
211507,Julian Achter,CH,0,38,2,low,"spamhaus-asndrop,tor-radar-network"
40861,PARAD-40-ASN,US,38,0,1,low,asn-vpn-multi-provider
45102,"ALIBABA-CN-NET Alibaba US Technology Co., Ltd.",US,9,29,2,low,"asn-vpn-multi-provider,tor-radar-network"
141995,Contabo Asia Private Limited,SG,0,38,1,low,tor-radar-network
3462,HINET Data Communication Business Group,TW,13,14,3,medium,"asn-vpn-multi-provider,bad-cidrs-v4,tor-radar-network"
26832,Rica Web Services,CA,0,37,1,low,tor-radar-network
202422,GHOST,LU,16,18,2,low,"asn-vpn-multi-provider,tor-radar-network"
207990,HR-CUSTOMER,IN,34,0,1,low,asn-vpn-multi-provider
263812,SONDATECH S.A.S.,AR,24,10,2,low,"asn-vpn-multi-provider,tor-radar-network"
58325,BANDWIDTH-ASIA,GB,31,0,2,low,"asn-vpn-multi-provider,bad-cidrs-v4"
31103,KEYWEB-AS,DE,10,21,2,low,"asn-vpn-multi-provider,tor-radar-network"
40021,Contabo Inc.,US,0,13,2,low,"bad-cidrs-v4,tor-radar-network"
50304,BLIX,NO,29,1,3,medium,"asn-vpn-multi-provider,bad-cidrs-v4,tor-radar-network"
16509,AMAZON-02,US,20,10,2,low,"asn-vpn-multi-provider,tor-radar-network"
52423,Data Miners S.A.  Racknation.cr,CR,27,3,2,low,"asn-vpn-multi-provider,tor-radar-network"
204957,GREENFLOID-AS,US,18,12,2,low,"asn-vpn-multi-provider,tor-radar-network"
3257,GTT-BACKBONE GTT,US,27,2,2,low,"asn-vpn-multi-provider,tor-radar-network"
56630,MELBICOM-EU-AS Melbikomas UAB,LT,24,5,2,low,"asn-vpn-multi-provider,tor-radar-network"
13030,Init7 (Switzerland) Ltd.,CH,0,28,1,low,tor-radar-network
44679,BINBOX-GLOBAL-SERVICES,RO,27,1,2,low,"asn-vpn-multi-provider,tor-radar-network"
51396,Pfcloud UG (haftungsbeschrankt),NL,0,21,3,medium,"bad-cidrs-v4,spamhaus-asndrop,tor-radar-network"
133752,LEASEWEB-APAC-HKG-10 LEASEWEB HONG KONG LIMITED,HK,28,0,1,low,asn-vpn-multi-provider
44925,1984 ehf,IS,0,27,1,low,tor-radar-network
138915,KAOPU-HK Kaopu Cloud HK Limited,CN,19,7,3,medium,"asn-vpn-multi-provider,spamhaus-asndrop,tor-radar-network"
215540,GCS-AS,GB,6,21,2,low,"asn-vpn-multi-provider,tor-radar-network"
328364,Host-Africa-AS,ZA,17,10,2,low,"asn-vpn-multi-provider,tor-radar-network"
8473,BAHNHOF,SE,9,16,3,medium,"asn-vpn-multi-provider,bad-cidrs-v4,tor-radar-network"
32097,WII,US,24,2,2,low,"asn-vpn-multi-provider,tor-radar-network"
41075,ATW-AS,HU,2,24,2,low,"asn-vpn-multi-provider,tor-radar-network"
45899,VNPT-AS-VN VNPT Corp,VN,17,1,3,medium,"asn-vpn-multi-provider,bad-cidrs-v4,tor-radar-network"
46450,PILOT,US,26,0,1,low,asn-vpn-multi-provider
50613,THORDC-AS,IS,17,9,2,low,"asn-vpn-multi-provider,tor-radar-network"
214209,Internet Magnate (Pty) Ltd,ZA,0,26,1,low,tor-radar-network
214677,DELUXHOST,IT,3,23,2,low,"asn-vpn-multi-provider,tor-radar-network"
8283,Netwerkvereniging Coloclue,NL,0,25,1,low,tor-radar-network
30058,FDCSERVERS,US,22,1,3,medium,"asn-vpn-multi-provider,bad-cidrs-v4,tor-radar-network"
53356,FREE RANGE CLOUD,CA,23,2,2,low,"asn-vpn-multi-provider,tor-radar-network"
9318,SKB-AS SK Broadband Co Ltd,KR,9,4,3,medium,"asn-vpn-multi-provider,bad-cidrs-v4,tor-radar-network"
37684,ANGANI-AS,KE,24,0,1,low,asn-vpn-multi-provider
40663,IncogNet LLC,US,0,24,1,low,tor-radar-network
44570,"Cloudie Networks, LLC.",NZ,0,24,1,low,tor-radar-network
55720,GIGABIT-MY Gigabit Hosting Sdn Bhd,MY,16,8,2,low,"asn-vpn-multi-provider,tor-radar-network"
200303,LUMASERV GmbH,DE,0,24,1,low,tor-radar-network
205100,F3 Netze e.V.,DE,0,24,1,low,tor-radar-network
214996,netcup GmbH,US,0,22,2,low,"bad-cidrs-v4,tor-radar-network"
58087,Florian Kolb,DE,0,23,1,low,tor-radar-network
213438,ColocaTel Inc.,NL,0,22,2,low,"spamhaus-asndrop,tor-radar-network"
924,Cloudie Networks LLC,US,0,22,1,low,tor-radar-network
4785,XTOM-AS-JP xTom,GB,22,0,1,low,asn-vpn-multi-provider
6698,VIRTUALSYSTEMS,UA,14,8,2,low,"asn-vpn-multi-provider,tor-radar-network"
16019,Vodafone Czech Republic a.s.,CZ,0,22,1,low,tor-radar-network
39486,HOSTROYALE,IN,21,0,2,low,"asn-vpn-multi-provider,bad-cidrs-v4"
48090,TECHOFF SRV LIMITED,NL,0,16,3,medium,"bad-cidrs-v4,spamhaus-asndrop,tor-radar-network"
204094,I4W,PT,22,0,1,low,asn-vpn-multi-provider
3215,Orange S.A.,FR,0,21,1,low,tor-radar-network
5089,Virgin Media Limited,GB,0,20,2,low,"bad-cidrs-v4,tor-radar-network"
8881,1&1 Versatel GmbH,DE,0,21,1,low,tor-radar-network
62005,BlueVPS OU,EE,0,21,1,low,tor-radar-network
1136,KPN B.V.,NL,0,20,1,low,tor-radar-network
5650,"Frontier Communications of America, Inc.",US,0,20,1,low,tor-radar-network
26383,ASNET,US,5,15,2,low,"asn-vpn-multi-provider,tor-radar-network"
33915,Vodafone Libertel B.V.,NL,0,20,1,low,tor-radar-network
42237,W1N,GB,5,9,3,medium,"asn-vpn-multi-provider,bad-cidrs-v4,tor-radar-network"
47890,UNMANAGED LTD,RO,0,17,3,medium,"bad-cidrs-v4,spamhaus-asndrop,tor-radar-network"
212477,ROYALE-AS,NL,3,17,2,low,"asn-vpn-multi-provider,tor-radar-network"
215288,Michele Branchini,IT,0,20,1,low,tor-radar-network
1299,"TWELVE99 Arelion, fka Telia Carrier",SE,16,3,2,low,"asn-vpn-multi-provider,tor-radar-network"
11831,ESECUREDATA,CA,19,0,1,low,asn-vpn-multi-provider
3786,LGDACOM LG DACOM Corporation,KR,4,0,2,low,"asn-vpn-multi-provider,bad-cidrs-v4"
29066,VELIANET-AS velia.net Internetdienste GmbH,DE,13,5,2,low,"asn-vpn-multi-provider,tor-radar-network"
33993,UFO Hosting LLC,RU,0,17,2,low,"spamhaus-asndrop,tor-radar-network"
35592,Coolhousing s.r.o.,CZ,0,18,1,low,tor-radar-network
49683,MASSIVEGRID LTD,GB,0,18,1,low,tor-radar-network
61125,SABOTAGE LLC,NL,0,18,1,low,tor-radar-network
199950,HJELM ENTERPRISES AB,SE,0,18,1,low,tor-radar-network
202425,INT-NETWORK,NL,8,2,4,medium,"asn-vpn-multi-provider,bad-cidrs-v4,spamhaus-asndrop,tor-radar-network"
206134,NEKOBYTE INTERNATIONAL LIMITED,DE,0,18,1,low,tor-radar-network
6939,HURRICANE,US,4,8,3,medium,"asn-vpn-multi-provider,bad-cidrs-v4,tor-radar-network"
20115,Charter Communications LLC,US,0,17,1,low,tor-radar-network
29889,FSNET-1,US,17,0,1,low,asn-vpn-multi-provider
39798,MIVOCLOUD,MD,5,12,2,low,"asn-vpn-multi-provider,tor-radar-network"
48314,Michael Sebastian Schinzel trading as IP-Projects GmbH & Co. KG,DE,0,17,1,low,tor-radar-network
59711,HZ-EU-AS,BG,5,12,2,low,"asn-vpn-multi-provider,tor-radar-network"
59729,ITL-BG,US,10,7,2,low,"asn-vpn-multi-provider,tor-radar-network"
133398,TELE-AS Tele Asia Limited,HK,16,1,2,low,"asn-vpn-multi-provider,tor-radar-network"
205119,TELEKS-,MK,17,0,1,low,asn-vpn-multi-provider
214366,Moustafa Mohamed Mohamed Ahmed Elghoubashi,UA,0,17,1,low,tor-radar-network
397373,H4Y-TECHNOLOGIES,US,17,0,1,low,asn-vpn-multi-provider
400175,"Microtronix ESolutions, LLC",US,0,17,1,low,tor-radar-network
209,"CenturyLink Communications, LLC",US,0,16,1,low,tor-radar-network
1257,TELE2,SE,4,12,2,low,"asn-vpn-multi-provider,tor-radar-network"
2856,British Telecommunications PLC,GB,0,16,1,low,tor-radar-network
9008,ASN-VO Visual Online S.A. Luxembourg,LU,15,1,2,low,"asn-vpn-multi-provider,tor-radar-network"
29075,IELO-LIAZO SERVICES SAS,FR,0,16,1,low,tor-radar-network
49367,ASSEFLOW,IT,13,3,2,low,"asn-vpn-multi-provider,tor-radar-network"
213873,MOJI SAS,FR,0,16,1,low,tor-radar-network
215659,Aokigahara SRL,NL,0,16,1,low,tor-radar-network
3301,Telia Company AB,SE,0,15,1,low,tor-radar-network
8708,RCS & RDS SA,RO,0,14,2,low,"bad-cidrs-v4,tor-radar-network"
13285,TalkTalk Communications Limited,GB,0,15,1,low,tor-radar-network
27176,DATAWAGON,US,7,8,2,low,"asn-vpn-multi-provider,tor-radar-network"
42730,EVANZO e-commerce GmbH,DE,0,15,1,low,tor-radar-network
45382,EHOSTIDC-AS-KR Hostcenter,KR,13,2,2,low,"asn-vpn-multi-provider,tor-radar-network"
56322,SERVERASTRA-AS,HU,3,12,2,low,"asn-vpn-multi-provider,tor-radar-network"
59253,LEASEWEB-APAC-SIN-11 LEASEWEB SINGAPORE PTE. LTD.,SG,7,8,2,low,"asn-vpn-multi-provider,tor-radar-network"
61138,ZAPPIE-HOST-AS Zappie Host,US,11,4,2,low,"asn-vpn-multi-provider,tor-radar-network"
197155,ARTNET,PL,15,0,1,low,asn-vpn-multi-provider
200698,GLOBALHOST-BOSNIA-AS,BA,9,6,2,low,"asn-vpn-multi-provider,tor-radar-network"
206238,Freedom Internet BV,NL,0,15,1,low,tor-radar-network
7303,Telecom Argentina S.A.,AR,0,13,2,low,"bad-cidrs-v4,tor-radar-network"
12479,Orange Espagne SA,ES,0,14,1,low,tor-radar-network
15626,GF-UA,US,11,3,2,low,"asn-vpn-multi-provider,tor-radar-network"
15943,wilhelm.tel GmbH,DE,0,8,2,low,"bad-cidrs-v4,tor-radar-network"
43513,NANO-AS,LV,5,9,2,low,"asn-vpn-multi-provider,tor-radar-network"
43641,SOLLUTIUM-NL,PL,3,11,2,low,"asn-vpn-multi-provider,tor-radar-network"
51659,LLC Baxet,RU,0,14,1,low,tor-radar-network
213230,Hetzner Online GmbH,US,0,6,2,low,"bad-cidrs-v4,tor-radar-network"
2516,KDDI KDDI CORPORATION,JP,6,5,3,medium,"asn-vpn-multi-provider,bad-cidrs-v4,tor-radar-network"
3170,VELOXSERV,GB,11,0,2,low,"asn-vpn-multi-provider,bad-cidrs-v4"
3269,Telecom Italia S.p.A.,IT,0,13,1,low,tor-radar-network
6718,NAV NAV Communications,RO,7,6,2,low,"asn-vpn-multi-provider,tor-radar-network"
30633,LEASEWEB-USA-WDC,US,8,5,2,low,"asn-vpn-multi-provider,tor-radar-network"
33083,AXCELX-NET,US,11,2,2,low,"asn-vpn-multi-provider,tor-radar-network"
56971,CGI GLOBAL LIMITED,RU,0,2,2,low,"bad-cidrs-v4,tor-radar-network"
198890,MADCOM-ASN,AL,13,0,1,low,asn-vpn-multi-provider
199524,GCORE,LU,11,2,2,low,"asn-vpn-multi-provider,tor-radar-network"
3,Adaptive Systems A/S,US,0,12,1,low,tor-radar-network
852,TELUS Communications Inc.,CA,0,12,1,low,tor-radar-network
5769,Videotron Ltee,CA,0,11,2,low,"bad-cidrs-v4,tor-radar-network"
23959,OWL-AS-AP Owl Limited,VU,9,0,2,low,"asn-vpn-multi-provider,bad-cidrs-v4"
24768,ALMOUROLTEC,PT,9,3,2,low,"asn-vpn-multi-provider,tor-radar-network"
30893,No ACK Group Holding AB,SE,0,12,1,low,tor-radar-network
36007,KAMATERA,US,3,9,2,low,"asn-vpn-multi-provider,tor-radar-network"
36666,GTCOMM,CA,12,0,1,low,asn-vpn-multi-provider
38195,SUPERLOOP (AUSTRALIA) PTY LTD,AU,0,12,1,low,tor-radar-network
57043,HOSTKEY B.V.,NL,0,11,2,low,"bad-cidrs-v4,tor-radar-network"
199654,Oxide Group Limited,NL,0,12,1,low,tor-radar-network
204601,NovoServe B.V.,NL,0,12,1,low,tor-radar-network
206996,ZAP-Hosting GmbH,DE,0,12,1,low,tor-radar-network
215730,H2NEXUS-AS,UA,5,4,4,medium,"asn-vpn-multi-provider,bad-cidrs-v4,spamhaus-asndrop,tor-radar-network"
4764,Wideband Networks Pty Ltd,AU,0,11,1,low,tor-radar-network
5378,Vodafone Limited,GB,0,11,1,low,tor-radar-network
5432,Proximus NV,BE,0,11,1,low,tor-radar-network
6724,Strato GmbH,DE,0,11,1,low,tor-radar-network
12389,ROSTELECOM-AS PJSC Rostelecom. Technical Team,RU,5,0,2,low,"asn-vpn-multi-provider,bad-cidrs-v4"
21130,IOMART-IE,GB,11,0,1,low,asn-vpn-multi-provider
23470,RELIABLESITE,US,8,2,3,medium,"asn-vpn-multi-provider,bad-cidrs-v4,tor-radar-network"
29691,NINE,CH,8,3,2,low,"asn-vpn-multi-provider,tor-radar-network"
31034,ARUBA-ASN,IT,11,0,1,low,asn-vpn-multi-provider
47447,23M GmbH,DE,0,11,1,low,tor-radar-network
47583,Hostinger International Limited,LT,0,10,2,low,"bad-cidrs-v4,tor-radar-network"
201814,MEVSPACE sp. z o.o.,PL,0,9,2,low,"bad-cidrs-v4,tor-radar-network"
210731,Forening for DotSrc,DK,0,11,1,low,tor-radar-network
212317,Hetzner Online GmbH,US,0,3,2,low,"bad-cidrs-v4,tor-radar-network"
1221,Telstra Limited,AU,0,2,2,low,"bad-cidrs-v4,tor-radar-network"
2027,MilkyWan Association,FR,0,10,1,low,tor-radar-network
5410,Bouygues Telecom SA,FR,0,10,1,low,tor-radar-network
6181,Cincinnati Bell Telephone Company LLC,US,0,10,1,low,tor-radar-network
6848,Telenet BV,BE,0,6,2,low,"bad-cidrs-v4,tor-radar-network"
8151,UNINET,MX,0,9,2,low,"bad-cidrs-v4,tor-radar-network"
29447,Scaleway SAS,IT,0,3,2,low,"bad-cidrs-v4,tor-radar-network"
30860,YURTEH-AS,UA,5,5,2,low,"asn-vpn-multi-provider,tor-radar-network"
33837,Fredrik Holmqvist,SE,0,10,1,low,tor-radar-network
35366,ISPpro Internet KG,DE,0,10,1,low,tor-radar-network
45839,SHINJIRU-MY-AS-AP Shinjiru Technology Sdn Bhd,MY,6,4,2,low,"asn-vpn-multi-provider,tor-radar-network"
50979,ITL-LV,US,8,2,2,low,"asn-vpn-multi-provider,tor-radar-network"
215381,ROCKHOSTER PRIVATE LIMITED,FR,0,9,2,low,"spamhaus-asndrop,tor-radar-network"
3303,Swisscom (Schweiz) AG,CH,0,8,2,low,"bad-cidrs-v4,tor-radar-network"
3356,"Level 3 Parent, LLC",DE,0,9,1,low,tor-radar-network
5483,Magyar Telekom Plc.,HU,0,7,2,low,"bad-cidrs-v4,tor-radar-network"
7040,NETMINDERS,CA,9,0,1,low,asn-vpn-multi-provider
16125,CHERRYSERVERS1-AS,LT,2,7,2,low,"asn-vpn-multi-provider,tor-radar-network"
20845,DIGI Tavkozlesi es Szolgaltato Kft.,HU,0,9,1,low,tor-radar-network
33387,NOCIX,US,5,4,2,low,"asn-vpn-multi-provider,tor-radar-network"
34224,Neterra Ltd.,BG,0,9,1,low,tor-radar-network
37153,xneelo,ZA,9,0,1,low,asn-vpn-multi-provider
44709,CLOUDWEBMANAGE-,IL,3,6,2,low,"asn-vpn-multi-provider,tor-radar-network"
47610,RWTH Aachen University,DE,0,9,1,low,tor-radar-network
48753,AVA HOST SRL,MD,0,8,2,low,"bad-cidrs-v4,tor-radar-network"
57269,DIGI SPAIN TELECOM S.A,ES,0,8,2,low,"bad-cidrs-v4,tor-radar-network"
60458,ASN-XTUDIONET,ES,9,0,1,low,asn-vpn-multi-provider
62563,AS-GLOBALTELEHOST,CA,9,0,1,low,asn-vpn-multi-provider
132335,LEAPSWITCH-IN-AS-AP LEAPSWITCH NETWORKS PRIVATE LIMITED,IN,9,0,1,low,asn-vpn-multi-provider
133159,Mammoth Media Pty Ltd,AU,0,9,1,low,tor-radar-network
133210,EN Technologies Pte Ltd,SG,0,9,1,low,tor-radar-network
197648,CL8ASN1,CY,5,4,2,low,"asn-vpn-multi-provider,tor-radar-network"
212508,Lowhosting services of Davide Gennari,DE,0,9,1,low,tor-radar-network
215248,Bastiaan Mathijs Brink,US,0,9,1,low,tor-radar-network
401833,AXNET LLC,US,0,9,1,low,tor-radar-network
1103,SURF B.V.,NL,0,8,1,low,tor-radar-network
3236,SERVER server.ua,UA,5,3,2,low,"asn-vpn-multi-provider,tor-radar-network"
4213,EVOCATIVE-GLOBAL,US,8,0,1,low,asn-vpn-multi-provider
5617,Orange Polska Spolka Akcyjna,PL,0,8,1,low,tor-radar-network
7979,SERVERS-COM,US,8,0,1,low,asn-vpn-multi-provider
16591,Google Fiber Inc.,US,0,8,1,low,tor-radar-network
18460,Fort Hays State University,US,0,8,1,low,tor-radar-network
20055,Wholesail networks LLC,US,0,8,1,low,tor-radar-network
20857,Signet B.V.,NL,0,8,1,low,tor-radar-network
29551,Aixit GmbH,DE,0,8,1,low,tor-radar-network
30836,23VNet Kft.,HU,0,8,1,low,tor-radar-network
34081,SERVER24-AS INCUBATEC GmbH - Srl,IT,8,0,1,low,asn-vpn-multi-provider
34989,SERVETHEWORLD-AS,NO,5,1,3,medium,"asn-vpn-multi-provider,bad-cidrs-v4,tor-radar-network"
36149,"Hawaiian Telcom Services Company, Inc.",US,0,8,1,low,tor-radar-network
39020,COMVIVE-AS Seville - Spain,ES,7,1,2,low,"asn-vpn-multi-provider,tor-radar-network"
44382,"Fiba Cloud Operation Company, LLC",US,0,7,2,low,"spamhaus-asndrop,tor-radar-network"
61317,ASDETUK www.heficed.com,US,8,0,1,low,asn-vpn-multi-provider
63806,Human-life Information Platforms Institute,JP,0,8,1,low,tor-radar-network
136052,PT Cloud Hosting Indonesia,ID,0,8,1,low,tor-radar-network
201409,HOSTSHIELD LTD,GB,0,8,1,low,tor-radar-network
201670,S.C. INFOTECH-GRUP S.R.L.,MD,0,8,1,low,tor-radar-network
203003,Magna Capax Finland Oy,FI,0,8,1,low,tor-radar-network
206264,AMARUTU-TECHNOLOGY,SC,4,2,3,medium,"asn-vpn-multi-provider,bad-cidrs-v4,tor-radar-network"
207992,FEELB SARL,FR,0,8,1,low,tor-radar-network
210083,Privex Inc.,NL,0,8,1,low,tor-radar-network
210772,NEWPUSH,HU,8,0,1,low,asn-vpn-multi-provider
213373,IP Connect Inc,NL,0,7,2,low,"spamhaus-asndrop,tor-radar-network"
214094,Davide Silvetti trading as 'Association Osservatorio Nessuno ODV',IT,0,8,1,low,tor-radar-network
214379,South Park Networks LLC,UA,0,8,1,low,tor-radar-network
215311,Regxa Company for Information Technology Ltd,DE,0,7,2,low,"spamhaus-asndrop,tor-radar-network"
215960,Hollander & Jacobsen UG (haftungsbeschraenkt),SE,0,8,1,low,tor-radar-network
268581,QNAX LTDA,BR,6,2,2,low,"asn-vpn-multi-provider,tor-radar-network"
329325,Maxko for Gaming Development,ZA,0,7,2,low,"spamhaus-asndrop,tor-radar-network"
396190,LEASEWEB-USA-SEA,US,8,0,1,low,asn-vpn-multi-provider
397423,TIER-NET,US,7,1,2,low,"asn-vpn-multi-provider,tor-radar-network"
400587,RYAMER,US,6,2,2,low,"asn-vpn-multi-provider,tor-radar-network"
680,Verein zur Foerderung eines Deutschen Forschungsnetzes e.V.,DE,0,7,1,low,tor-radar-network
6730,Sunrise GmbH,CH,0,7,1,low,tor-radar-network
6805,Telefonica Germany GmbH & Co.OHG,DE,0,7,1,low,tor-radar-network
6866,CYTA-NETWORK Internet Services,CY,7,0,1,low,asn-vpn-multi-provider
7029,Windstream Communications LLC,US,0,2,2,low,"bad-cidrs-v4,tor-radar-network"
13036,T-Mobile Czech Republic a.s.,CZ,0,7,1,low,tor-radar-network
13335,CLOUDFLARENET,US,7,0,1,low,asn-vpn-multi-provider
16086,DNA Oyj,FI,0,7,1,low,tor-radar-network
19318,IS-AS-1,US,4,3,2,low,"asn-vpn-multi-provider,tor-radar-network"
19437,SECURED SERVERS LLC,US,0,7,1,low,tor-radar-network
21409,Ikoula Net SAS,FR,0,7,1,low,tor-radar-network
21499,Host Europe GmbH,DE,0,6,2,low,"bad-cidrs-v4,tor-radar-network"
22773,Cox Communications Inc.,US,0,7,1,low,tor-radar-network
26347,"New Dream Network, LLC",US,0,5,2,low,"bad-cidrs-v4,tor-radar-network"
28573,Claro NXT Telecomunicacoes Ltda,BR,0,7,1,low,tor-radar-network
29695,Lyse Tele AS,NO,0,7,1,low,tor-radar-network
32181,ASN-GIGENET,US,3,4,2,low,"asn-vpn-multi-provider,tor-radar-network"
35916,MULTACOM CORPORATION,US,0,7,1,low,tor-radar-network
39326,HSO-GROUP,GB,7,0,1,low,asn-vpn-multi-provider
41652,SAS-SHPV-FRANCE,FR,6,1,2,low,"asn-vpn-multi-provider,tor-radar-network"
41745,Baykov Ilya Sergeevich,EE,0,7,1,low,tor-radar-network
42926,RADORE,TR,7,0,1,low,asn-vpn-multi-provider
43317,VEESP-AS,LV,4,3,2,low,"asn-vpn-multi-provider,tor-radar-network"
44133,IPAX GmbH,AT,0,7,1,low,tor-radar-network
47066,"prgmr.com, Inc.",US,0,7,1,low,tor-radar-network
48014,Albanian Hosting SH.P.K.,AL,0,7,1,low,tor-radar-network
48894,OPTIMUS-AS,SI,7,0,1,low,asn-vpn-multi-provider
49581,Ferdinand Zink trading as Tube-Hosting,NL,0,5,3,medium,"bad-cidrs-v4,spamhaus-asndrop,tor-radar-network"
50266,Odido Netherlands B.V.,NL,0,7,1,low,tor-radar-network
54290,HostPapa,US,0,3,2,low,"bad-cidrs-v4,tor-radar-network"
62904,AS62904 - Eonix Corporation,US,5,0,2,low,"asn-vpn-multi-provider,bad-cidrs-v4"
202759,FAIRYHOSTING,EE,5,2,2,low,"asn-vpn-multi-provider,tor-radar-network"
207083,HOSTSLIM OU,NL,0,7,1,low,tor-radar-network
208226,Ouiheberg SARL,FR,0,7,1,low,tor-radar-network
214036,"Ultahost, Inc.",DE,0,7,1,low,tor-radar-network
399629,BL Networks,US,0,7,1,low,tor-radar-network
399646,DARTNODE,US,3,4,2,low,"asn-vpn-multi-provider,tor-radar-network"
577,Bell Canada,CA,0,6,1,low,tor-radar-network
1653,Vetenskapsradet / SUNET,SE,0,6,1,low,tor-radar-network
1759,Telia Finland Oyj,FI,0,6,1,low,tor-radar-network
3352,TELEFONICA DE ESPANA S.A.U.,ES,0,6,1,low,tor-radar-network
4713,NTT Communications Corporation,JP,0,3,2,low,"bad-cidrs-v4,tor-radar-network"
5645,"TekSavvy Solutions, Inc.",CA,0,6,1,low,tor-radar-network
6697,Republican Unitary Telecommunication Enterprise Beltelecom,BY,0,6,1,low,tor-radar-network
14956,ROUTERHOSTING,US,3,3,2,low,"asn-vpn-multi-provider,tor-radar-network"
18747,IFX18747,US,6,0,1,low,asn-vpn-multi-provider
19148,LEASEWEB-USA-PHX,US,4,2,2,low,"asn-vpn-multi-provider,tor-radar-network"
20766,"Association ""Gitoyen""",FR,0,6,1,low,tor-radar-network
28099,iHosting Servicios Internet Ltda.,CL,6,0,1,low,asn-vpn-multi-provider
44486,"Oliver Horscht is trading as ""SYNLINQ""",DE,0,6,1,low,tor-radar-network
47810,PROSERVICE,GE,6,0,1,low,asn-vpn-multi-provider
51290,BARTOSZ WASZAK trading as HOSTEAM S.C. TOMASZ GROSZEWSKI BARTOSZ WASZAK LUKASZ GROSZEWSKI,PL,0,6,1,low,tor-radar-network
52173,MAKONIX,LV,2,4,2,low,"asn-vpn-multi-provider,tor-radar-network"
54643,IDIGITAL,CA,6,0,1,low,asn-vpn-multi-provider
200462,"Lennart Seitz trading as ""ETH-Services""",DE,0,6,1,low,tor-radar-network
202053,UpCloud Ltd,FI,0,4,2,low,"bad-cidrs-v4,tor-radar-network"
202448,MVPS LTD,ES,0,6,1,low,tor-radar-network
208208,Marco Lingl trading as Cyberse GmbH & Co. KG,DE,0,6,1,low,tor-radar-network
213934,IPV1-SIA-AS,LV,1,5,2,low,"asn-vpn-multi-provider,tor-radar-network"
215296,Raoul Brouns,NL,0,6,1,low,tor-radar-network
329184,Host-Africa-AS2,ZA,2,4,2,low,"asn-vpn-multi-provider,tor-radar-network"
398101,"GoDaddy.com, LLC",US,0,6,1,low,tor-radar-network
399820,SPARKED HOST LLC,US,0,6,1,low,tor-radar-network
400226,StormyCloud Inc,US,0,6,1,low,tor-radar-network
719,Elisa Oyj,FI,0,5,1,low,tor-radar-network
1267,WIND TRE S.P.A.,IT,0,5,1,low,tor-radar-network
2527,Sony Network Communications Inc.,JP,0,5,1,low,tor-radar-network
3790,RADIOGRAFICA COSTARRICENSE,CR,3,2,2,low,"asn-vpn-multi-provider,tor-radar-network"
6167,Verizon Business,US,0,5,1,low,tor-radar-network
6327,Shaw Communications,CA,0,4,2,low,"bad-cidrs-v4,tor-radar-network"
6871,British Telecommunications PLC,GB,0,5,1,low,tor-radar-network
7203,LEASEWEB-USA-SFO,US,5,0,1,low,asn-vpn-multi-provider
7545,TPG Internet Pty Ltd,AU,0,5,1,low,tor-radar-network
8280,SYNAPSECOM-AS SYNAPSECOM TELECOMS S.A.,GR,5,0,1,low,asn-vpn-multi-provider
8434,Telenor Sverige AB,SE,0,5,1,low,tor-radar-network
8648,dogado GmbH,CZ,0,5,1,low,tor-radar-network
8758,Iway AG,CH,0,5,1,low,tor-radar-network
8849,MELBICOM-EU-AS Melbikomas UAB,LT,3,2,2,low,"asn-vpn-multi-provider,tor-radar-network"
9299,Philippine Long Distance Telephone Co.,PH,0,5,1,low,tor-radar-network
10796,Charter Communications Inc,US,0,5,1,low,tor-radar-network
12312,ecotel communication ag,DE,0,5,1,low,tor-radar-network
13037,Zen Internet Ltd,GB,0,5,1,low,tor-radar-network
15435,DELTA Fiber Nederland B.V.,NL,0,5,1,low,tor-radar-network
16247,"M247-UK M247 UK Ltd, trading as M247",GB,5,0,1,low,asn-vpn-multi-provider
18978,ENZUINC-,US,5,0,1,low,asn-vpn-multi-provider
22927,Telefonica de Argentina,AR,0,5,1,low,tor-radar-network
27747,Telecentro S.A.,AR,0,5,1,low,tor-radar-network
30083,AS-30083-US-VELIA-NET,DE,4,1,2,low,"asn-vpn-multi-provider,tor-radar-network"
30600,Metronet,US,0,5,1,low,tor-radar-network
30722,Fastweb SpA,IT,0,5,1,low,tor-radar-network
30900,WEBWORLD-AS ta Web World Ireland,IE,5,0,1,low,asn-vpn-multi-provider
36351,SOFTLAYER,US,4,0,2,low,"asn-vpn-multi-provider,bad-cidrs-v4"
39642,Sinal A/S,DK,0,5,1,low,tor-radar-network
40156,THEOPT-HOU,US,5,0,1,low,asn-vpn-multi-provider
40994,Hohl IT e.U.,AT,0,5,1,low,tor-radar-network
42422,SECURITYNET-AS,CZ,5,0,1,low,asn-vpn-multi-provider
44901,Belcloud LTD,BG,0,1,2,low,"bad-cidrs-v4,tor-radar-network"
46261,QUICKPACKET,US,3,0,2,low,"asn-vpn-multi-provider,bad-cidrs-v4"
47987,DELTAHOST-KYIV,UA,4,1,2,low,"asn-vpn-multi-provider,tor-radar-network"
49372,w1n ltd,MY,0,2,2,low,"bad-cidrs-v4,tor-radar-network"
50066,Serious Tubes Networks,SE,0,5,1,low,tor-radar-network
50360,Tamatiya EOOD,BG,0,4,2,low,"bad-cidrs-v4,tor-radar-network"
50673,Serverius Holding B.V.,NL,0,5,1,low,tor-radar-network
51395,Datasource AG,CH,0,5,1,low,tor-radar-network
58212,dataforest GmbH,DE,0,5,1,low,tor-radar-network
62000,SERVERD SAS,FR,0,5,1,low,tor-radar-network
153003,LACHANSO-VN Digital Shield Technology Company Limited,VN,4,1,2,low,"asn-vpn-multi-provider,tor-radar-network"
197227,"Poznanska Spoldzielnia Mieszkaniowa ""Winogrady"" w Poznaniu",PL,0,5,1,low,tor-radar-network
200052,Feral.io Ltd,NL,0,5,1,low,tor-radar-network
206991,IXIR,TR,5,0,1,low,asn-vpn-multi-provider
209605,UAB Host Baltic,LT,0,2,3,medium,"bad-cidrs-v4,spamhaus-asndrop,tor-radar-network"
213900,RS Computers L.L.C,MK,0,5,1,low,tor-radar-network
214354,SiteHUB Agency Ltd,NG,0,5,1,low,tor-radar-network
214481,Wojciech Czapkowicz,NL,0,5,1,low,tor-radar-network
216063,24fire GmbH,DE,0,5,1,low,tor-radar-network
394380,"Leaseweb USA, Inc.",US,0,5,1,low,tor-radar-network
559,SWITCH,CH,0,4,1,low,tor-radar-network
2119,Telenor Norge AS,NO,0,4,1,low,tor-radar-network
2860,"NOS COMUNICACOES, S.A.",PT,0,4,1,low,tor-radar-network
3243,MEO - SERVICOS DE COMUNICACOES E MULTIMEDIA S.A.,PT,0,4,1,low,tor-radar-network
3292,TDC Holding A/S,DK,0,4,1,low,tor-radar-network
6192,"University of California, Davis",US,0,4,1,low,tor-radar-network
6461,ZAYO-6461,US,4,0,1,low,asn-vpn-multi-provider
8412,T-Mobile Austria GmbH,AT,0,4,1,low,tor-radar-network
8767,M-net Telekommunikations GmbH,DE,0,4,1,low,tor-radar-network
8866,Vivacom Bulgaria EAD,BG,0,4,1,low,tor-radar-network
9031,EDPNET Belgium BV,BE,0,4,1,low,tor-radar-network
9370,SAKURA internet // EAST JAPAN BACKBONE,JP,0,4,1,low,tor-radar-network
10242,US Internet Corp,US,0,2,2,low,"bad-cidrs-v4,tor-radar-network"
11232,Midcontinent Communications,US,0,4,1,low,tor-radar-network
11427,Charter Communications Inc,US,0,4,1,low,tor-radar-network
12353,Vodafone Portugal - Communicacoes Pessoais S.A.,PT,0,3,2,low,"bad-cidrs-v4,tor-radar-network"
20454,SSASN2,US,3,1,2,low,"asn-vpn-multi-provider,tor-radar-network"
21336,INFORENT GmbH,DE,0,4,1,low,tor-radar-network
22295,Advin Services LLC,US,0,3,2,low,"bad-cidrs-v4,tor-radar-network"
22439,PERFECT-INTERNATIONAL,US,3,1,2,low,"asn-vpn-multi-provider,tor-radar-network"
22612,"Namecheap, Inc.",US,0,3,2,low,"bad-cidrs-v4,tor-radar-network"
26042,"FiberState, LLC",US,0,4,1,low,tor-radar-network
26286,MysticDev LLC,US,0,4,1,low,tor-radar-network
27411,"Leaseweb USA, Inc.",US,0,4,1,low,tor-radar-network
29518,Bredband2 AB,SE,0,3,2,low,"bad-cidrs-v4,tor-radar-network"
32244,"Liquid Web, L.L.C",US,0,2,2,low,"bad-cidrs-v4,tor-radar-network"
33705,Digital Shape Technologies Inc.,CA,0,4,1,low,tor-radar-network
34222,ZONER a.s.,CZ,0,4,1,low,tor-radar-network
35100,Patrik Lagerman,SE,0,4,1,low,tor-radar-network
40244,Turnkey Internet Inc.,US,0,4,1,low,tor-radar-network
44592,SkyLink Data Center BV,NL,0,4,1,low,tor-radar-network
46375,Sonic Telecom LLC,US,0,4,1,low,tor-radar-network
47172,Greenhost BV,NL,0,4,1,low,tor-radar-network
48031,XSERVERCLOUD,UA,4,0,1,low,asn-vpn-multi-provider
49770,Internetport Sweden AB,SE,0,4,1,low,tor-radar-network
53055,DIMENOC SERVICOS DE INFORMATICA LTDA,BR,4,0,1,low,asn-vpn-multi-provider
53363,TANGRAM-CANADA-INC,CA,4,0,1,low,asn-vpn-multi-provider
58061,Scalaxy B.V.,NL,0,4,1,low,tor-radar-network
62068,SpectraIP B.V.,NL,0,3,2,low,"bad-cidrs-v4,tor-radar-network"
132203,Shenzhen Tencent Computer Systems Company Limited,US,0,4,1,low,tor-radar-network
134094,"SERVERFIELD-AS Serverfield Co., Ltd.",TW,4,0,1,low,asn-vpn-multi-provider
151660,Neptune Internet,AU,0,4,1,low,tor-radar-network
197019,"WEDOS Internet, a.s.",CZ,0,4,1,low,tor-radar-network
197422,Tetaneutral.net Association declaree,FR,0,4,1,low,tor-radar-network
198985,AQUILENET,FR,0,4,1,low,tor-radar-network
202306,HOSTGLOBAL.PLUS LTD,GB,0,1,3,low,"bad-cidrs-v4,spamhaus-asndrop,tor-radar-network"
203953,Hiper A/S,DK,0,4,1,low,tor-radar-network
205544,LEASEWEB-UK-LON-11,GB,4,0,1,low,asn-vpn-multi-provider
205775,NEON CORE NETWORK LLC,BZ,0,3,2,low,"spamhaus-asndrop,tor-radar-network"
212336,BYTEVIRTLLC,US,4,0,1,low,asn-vpn-multi-provider
212531,INTERNETO-VIZIJA,LT,2,2,2,low,"asn-vpn-multi-provider,tor-radar-network"
213035,AS-SERVERION Serverion B.V.,NL,3,0,2,low,"asn-vpn-multi-provider,spamhaus-asndrop"
213790,Limited Network LTD,AE,0,2,3,low,"bad-cidrs-v4,spamhaus-asndrop,tor-radar-network"
214798,Digital City FZE,NL,0,4,1,low,tor-radar-network
270013,J AND J SPA (INFOFRACTAL),CL,0,4,1,low,tor-radar-network
393886,"Leaseweb USA, Inc.",US,0,4,1,low,tor-radar-network
395954,LEASEWEB-USA-LAX,US,4,0,1,low,asn-vpn-multi-provider
399122,VPS House Technology Group LLC,US,0,4,1,low,tor-radar-network
399486,12651980 CANADA INC.,FR,0,4,1,low,tor-radar-network
278,Universidad Nacional Autonoma de Mexico,MX,0,3,1,low,tor-radar-network
855,Bell Canada,CA,0,3,1,low,tor-radar-network
5408,National Infrastructures for Research and Technology S.A.,GR,0,3,1,low,tor-radar-network
5607,Sky UK Limited,GB,0,3,1,low,tor-radar-network
6128,Cablevision Systems Corp.,US,0,3,1,low,tor-radar-network
6830,Liberty Global Europe Holding B.V.,IE,0,2,2,low,"bad-cidrs-v4,tor-radar-network"
7418,TELEFÓNICA CHILE S.A.,CL,0,3,1,low,tor-radar-network
7489,HostUS,HK,0,3,1,low,tor-radar-network
7684,SAKURA internet // HOKKAIDO BACKBONE,JP,0,3,1,low,tor-radar-network
8400,TELEKOM SRBIJA a.d.,RS,0,3,1,low,tor-radar-network
9136,Wobcom GmbH,DE,0,3,1,low,tor-radar-network
9145,EWE TEL GmbH,DE,0,3,1,low,tor-radar-network
9678,HOSTINGINSIDE HostingInside LTD.,TW,3,0,1,low,asn-vpn-multi-provider
9790,Two Degrees Mobile Limited,NZ,0,3,1,low,tor-radar-network
11351,Charter Communications Inc,US,0,3,1,low,tor-radar-network
11403,NYI,US,0,3,1,low,tor-radar-network
11426,Charter Communications Inc,US,0,3,1,low,tor-radar-network
11776,Breezeline,US,0,3,1,low,tor-radar-network
12400,PARTNER-AS,IL,1,2,2,low,"asn-vpn-multi-provider,tor-radar-network"
12430,VODAFONE ESPANA S.A.U.,ES,0,3,1,low,tor-radar-network
12735,TurkNet Iletisim Hizmetleri A.S.,TR,0,3,1,low,tor-radar-network
13045,htp GmbH,DE,0,3,1,low,tor-radar-network
13693,Vexus Fiber,US,0,1,2,low,"bad-cidrs-v4,tor-radar-network"
15704,XTRA TELECOM S.A.,ES,0,3,1,low,tor-radar-network
17858,LG POWERCOMM,KR,0,1,2,low,"bad-cidrs-v4,tor-radar-network"
18526,"DDPS Networks, LLC",JP,0,3,1,low,tor-radar-network
20001,Charter Communications Inc,US,0,3,1,low,tor-radar-network
20773,Host Europe GmbH,FR,0,1,2,low,"bad-cidrs-v4,tor-radar-network"
21100,GREEN FLOID LLC,NL,0,3,1,low,tor-radar-network
21472,SERVERHOUSE,GB,3,0,1,low,asn-vpn-multi-provider
24806,"INTERNET-CZ Ktis 2, 384 03 Ktis",CZ,2,1,2,low,"asn-vpn-multi-provider,tor-radar-network"
24971,MasterDC s.r.o.,CZ,0,3,1,low,tor-radar-network
25198,ZETSERVERS ZetServers.com - Unmetered Cloud and Dedicated Servers Provider,RO,3,0,1,low,asn-vpn-multi-provider
27651,ENTEL CHILE S.A.,CL,0,3,1,low,tor-radar-network
28640,VIPWAY Telecomunicações Ltda,BR,0,3,1,low,tor-radar-network
29314,VECTRA S.A.,PL,0,3,1,low,tor-radar-network
31863,DACEN-2,US,1,2,2,low,"asn-vpn-multi-provider,tor-radar-network"
34087,NTE TELEKOM AS,NO,0,3,1,low,tor-radar-network
34689,Castlegem SRL,US,0,2,2,low,"bad-cidrs-v4,tor-radar-network"
34971,PDDA-AS,IT,2,1,2,low,"asn-vpn-multi-provider,tor-radar-network"
35179,Korbank S. A.,PL,0,3,1,low,tor-radar-network
36236,NETACTUATE,US,2,1,2,low,"asn-vpn-multi-provider,tor-radar-network"
36850,University of North Carolina at Chapel Hill,US,0,3,1,low,tor-radar-network
39378,servinga GmbH,DE,0,3,1,low,tor-radar-network
39421,Sapinet SAS,FR,0,1,2,low,"bad-cidrs-v4,tor-radar-network"
39618,HostCram LLC,US,0,3,1,low,tor-radar-network
42189,Druzstvo EUROSIGNAL,CZ,0,2,2,low,"bad-cidrs-v4,tor-radar-network"
45045,FOP Kazakov Oleksandr Oleksandrovich,UA,0,3,1,low,tor-radar-network
45758,Triple T Broadband Public Company Limited,TH,0,3,1,low,tor-radar-network
46015,EXABYTES-AS-AP Exa Bytes Network Sdn.Bhd.,MY,2,1,2,low,"asn-vpn-multi-provider,tor-radar-network"
46690,Verizon Business,US,0,3,1,low,tor-radar-network
48927,ESEVEN DevOps GmbH,DE,0,3,1,low,tor-radar-network
50098,Melbikomas UAB,RU,0,3,1,low,tor-radar-network
50436,Tele Columbus AG,DE,0,3,1,low,tor-radar-network
52469,Offshore Racks S.A,PA,3,0,1,low,asn-vpn-multi-provider
56694,SMARTAPE,RU,3,0,1,low,asn-vpn-multi-provider
56803,AS-DATASOURCE,CH,2,1,2,low,"asn-vpn-multi-provider,tor-radar-network"
57860,Zencurity ApS,DK,0,3,1,low,tor-radar-network
58791,GMO Internet Group Inc.,JP,0,3,1,low,tor-radar-network
58955,"BANGMODENTERPRISE-TH Bangmod Enterprise Co., Ltd.",TH,2,1,2,low,"asn-vpn-multi-provider,tor-radar-network"
59787,WEBHS WEBSP LDA,PT,3,0,1,low,asn-vpn-multi-provider
59895,BINARYRACKS-AS,GB,3,0,1,low,asn-vpn-multi-provider
60117,Host Sailor Ltd,NL,0,3,1,low,tor-radar-network
61102,INTERHOST,IL,3,0,1,low,asn-vpn-multi-provider
62217,VOOSERVERS,GB,2,1,2,low,"asn-vpn-multi-provider,tor-radar-network"
62296,VITALNG,US,3,0,1,low,asn-vpn-multi-provider
62336,PURtel.com GmbH,DE,0,3,1,low,tor-radar-network
62390,NexonHost Srl,RO,0,1,2,low,"bad-cidrs-v4,tor-radar-network"
64289,Macarne.com,NL,0,2,2,low,"bad-cidrs-v4,tor-radar-network"
142036,Hosteons Pte. Ltd.,DE,0,3,1,low,tor-radar-network
149440,Evoxt Sdn. Bhd.,MY,0,3,1,low,tor-radar-network
151873,TOTHOST SOLUTIONS AND TECHNOLOGIES COMPANY LIMITED,VN,0,2,2,low,"bad-cidrs-v4,tor-radar-network"
152992,ONLINE DATA COMPANY LIMITED,VN,0,3,1,low,tor-radar-network
197922,Techcrea Solutions SAS,FR,0,3,1,low,tor-radar-network
198189,Throttle Limited,GB,0,2,2,low,"spamhaus-asndrop,tor-radar-network"
199058,SERVA ONE LTD,PL,0,3,1,low,tor-radar-network
200482,nexserv GmbH,NL,0,3,1,low,tor-radar-network
201308,Castlegem SRL,GB,0,1,2,low,"bad-cidrs-v4,tor-radar-network"
203446,SMARTNET LIMITED,DE,0,3,1,low,tor-radar-network
203476,GANDI SAS,FR,0,3,1,low,tor-radar-network
204615,IP Fiber Inc,SE,0,3,1,low,tor-radar-network
205090,FIRST SERVER LIMITED,RU,0,3,1,low,tor-radar-network
207143,hosttech GmbH,CH,0,3,1,low,tor-radar-network
207569,I-SERVERS LTD,CZ,0,3,1,low,tor-radar-network
209604,2E TELEKOMUNIKASYON LTD STI,US,0,3,1,low,tor-radar-network
210226,Windcloud 4.0 GmbH,DE,0,3,1,low,tor-radar-network
210329,CLOUDWEBMANAGE-UK-1,US,3,0,1,low,asn-vpn-multi-provider
210403,Groupe LWS SARL,FR,0,3,1,low,tor-radar-network
210644,AEZA GROUP LLC,RU,0,2,2,low,"spamhaus-asndrop,tor-radar-network"
212655,YouFibre Limited,GB,0,3,1,low,tor-radar-network
213250,Dominic Scholz trading as ITP-Solutions GmbH & Co. KG,DE,0,3,1,low,tor-radar-network
213887,WAIcore Ltd,DE,0,3,1,low,tor-radar-network
214668,AxusHost B.V.,NL,0,3,1,low,tor-radar-network
214719,LLC DZHIBIEN HOST,RU,0,3,1,low,tor-radar-network
215362,Promo Plus SRL,RO,0,3,1,low,tor-radar-network
215762,Bullet Group LTD,NL,0,3,1,low,tor-radar-network
264617,GRUPO PANAGLOBAL 15 S.A,CH,0,3,1,low,tor-radar-network
329007,"ELENDE - TECNOLOGIAS DE INFORMACAO - COMERCIO E SERVICOS, LDA",AO,0,1,3,low,"bad-cidrs-v4,spamhaus-asndrop,tor-radar-network"
398242,Prentiss County Electric Power Association,US,0,3,1,low,tor-radar-network
399471,AS-SERVERION,NL,2,0,2,low,"asn-vpn-multi-provider,spamhaus-asndrop"
400475,NUCLEARFALLOUT-DAL,US,2,1,2,low,"asn-vpn-multi-provider,tor-radar-network"
401736,Project Daylily,US,0,3,1,low,tor-radar-network
553,Universitaet Stuttgart,DE,0,2,1,low,tor-radar-network
786,Jisc Services Limited,GB,0,2,1,low,tor-radar-network
803,Saskatchewan Telecommunications,CA,0,2,1,low,tor-radar-network
1241,Nova Telecommunications & Media Single Member S.A,GR,0,2,1,low,tor-radar-network
1403,EBOX,CA,0,2,1,low,tor-radar-network
1680,Cellcom Fixed Line Communication L.P,IL,0,2,1,low,tor-radar-network
1835,Forskningsnettet - Danish network for Research and Education,DK,0,2,1,low,tor-radar-network
2611,BELNET,BE,0,2,1,low,tor-radar-network
2900,Arizona Tri University Network,US,0,2,1,low,tor-radar-network
3214,xTom GmbH,NL,0,2,1,low,tor-radar-network
3249,Telia Eesti AS,EE,0,2,1,low,tor-radar-network
3329,Vodafone-panafon Hellenic Telecommunications Company SA,GR,0,2,1,low,tor-radar-network
3741,IS,ZA,2,0,1,low,asn-vpn-multi-provider
3816,COLOMBIA TELECOMUNICACIONES S.A. ESP BIC,CO,0,2,1,low,tor-radar-network
3842,RAMNODE,US,1,1,2,low,"asn-vpn-multi-provider,tor-radar-network"
5384,EMIRATES TELECOMMUNICATIONS GROUP COMPANY (ETISALAT GROUP) PJSC,AE,0,2,1,low,tor-radar-network
6315,"XMission, L.C.",US,0,2,1,low,tor-radar-network
6364,ATLANTIC-NET-1,US,2,0,1,low,asn-vpn-multi-provider
6661,POST Luxembourg,LU,0,2,1,low,tor-radar-network
6855,"Slovak Telekom, a.s.",SK,0,2,1,low,tor-radar-network
8422,NetCologne Gesellschaft fur Telekommunikation mbH,DE,0,2,1,low,tor-radar-network
8447,A1 Telekom Austria AG,AT,0,2,1,low,tor-radar-network
8455,atom86 BV,NL,0,2,1,low,tor-radar-network
8495,INTERNET AG Global Network,DE,0,2,1,low,tor-radar-network
8764,"Telia Lietuva, AB",LT,0,2,1,low,tor-radar-network
8943,Jump Networks Ltd,GB,0,2,1,low,tor-radar-network
8972,Host Europe GmbH,DE,0,1,2,low,"bad-cidrs-v4,tor-radar-network"
9044,BSE Software GmbH,CH,0,2,1,low,tor-radar-network
9286,KINX,KR,0,2,1,low,tor-radar-network
9378,JCOM Co. Ltd.,JP,0,1,2,low,"bad-cidrs-v4,tor-radar-network"
10929,ESTRUXTURE-QC-10929,CA,1,1,2,low,"asn-vpn-multi-provider,tor-radar-network"
11404,Wave Broadband,US,0,2,1,low,tor-radar-network
11572,PhoenixNAP LLC,US,0,2,1,low,tor-radar-network
12093,University of Waterloo,CA,0,2,1,low,tor-radar-network
12271,Charter Communications Inc,US,0,2,1,low,tor-radar-network
12338,Euskaltel S.A.,ES,0,1,2,low,"bad-cidrs-v4,tor-radar-network"
12586,GHOSTnet GmbH,DE,0,2,1,low,tor-radar-network
12989,Black HOST Ltd,NL,0,2,1,low,tor-radar-network
13113,ISI Line srl,IT,0,2,1,low,tor-radar-network
13692,Douglas FastNet,US,0,1,2,low,"bad-cidrs-v4,tor-radar-network"
14586,NUCLEARFALLOUT-CHI,US,2,0,1,low,asn-vpn-multi-provider
14618,"Amazon.com, Inc.",US,0,2,1,low,tor-radar-network
15440,BALTNETA Customers AS,LT,2,0,1,low,asn-vpn-multi-provider
15502,Vodafone Ireland Limited,IE,0,2,1,low,tor-radar-network
15600,Quickline AG,CH,0,2,1,low,tor-radar-network
17676,SoftBank Corp.,JP,0,2,1,low,tor-radar-network
19901,Brightspeed,US,0,2,1,low,tor-radar-network
20712,Andrews & Arnold Ltd,GB,0,2,1,low,tor-radar-network
21412,"UAB ""Cgates""",LT,0,2,1,low,tor-radar-network
21949,Beanfield Technologies Inc.,CA,0,2,1,low,tor-radar-network
23655,Two Degrees Mobile Limited,NZ,0,2,1,low,tor-radar-network
23969,TOT Public Company Limited,TH,0,2,1,low,tor-radar-network
24800,BornFiber Service Provider ApS,DK,0,2,1,low,tor-radar-network
25400,Telia Norge AS,NO,0,2,1,low,tor-radar-network
26277,ServerPoint.com,US,0,2,1,low,tor-radar-network
27323,SERVERSTADIUM,US,2,0,1,low,asn-vpn-multi-provider
29169,GANDI SAS,LU,0,2,1,low,tor-radar-network
29259,IABG Teleport GmbH,DE,0,2,1,low,tor-radar-network
29302,HSI-EUROPE,US,2,0,1,low,asn-vpn-multi-provider
29580,A1BG_RSG A1 EAD,BG,1,1,2,low,"asn-vpn-multi-provider,tor-radar-network"
30736,ASERGO-AS,DK,2,0,1,low,asn-vpn-multi-provider
32374,NUCLEARFALLOUT-LAX,US,2,0,1,low,asn-vpn-multi-provider
33796,BOLIGNET-AARHUS F.M.B.A.,DK,0,2,1,low,tor-radar-network
33943,Eri Internet s.r.o.,CZ,0,2,1,low,tor-radar-network
34244,Teleservice Bredband Skane AB,SE,0,2,1,low,tor-radar-network
34702,Aktsiaselts WaveCom,EE,0,2,1,low,tor-radar-network
34878,Karlsruhe Institute of Technology,DE,0,2,1,low,tor-radar-network
34927,iFog GmbH,ES,0,2,1,low,tor-radar-network
38074,Ayao Takata,JP,0,2,1,low,tor-radar-network
38700,SMILESERV,KR,0,2,1,low,tor-radar-network
39392,SH.cz s.r.o.,CZ,0,2,1,low,tor-radar-network
39405,Eurofiber France SAS,FR,0,2,1,low,tor-radar-network
39699,Lounea Palvelut Oy,FI,0,2,1,low,tor-radar-network
40029,Novus Entertainment Inc.,CA,0,2,1,low,tor-radar-network
41108,comtrance service GmbH,DE,0,2,1,low,tor-radar-network
41608,"NextGenWebs, S.L.",NL,0,2,1,low,tor-radar-network
41634,Svea Hosting AB,SE,0,2,1,low,tor-radar-network
42160,LCPDCO LCP AS dc oostkamp,BE,2,0,1,low,asn-vpn-multi-provider
42532,SIA VEESP,LV,0,2,1,low,tor-radar-network
42541,Fiberby ApS,DK,0,2,1,low,tor-radar-network
43150,MK Netzdienste Verwaltungs GmbH trading as MK Netzdienste GmbH & Co. KG,DE,0,2,1,low,tor-radar-network
43341,MDlink online service center GmbH,DE,0,2,1,low,tor-radar-network
43541,VSHosting s.r.o.,CZ,0,2,1,low,tor-radar-network
44066,DE-FIRSTCOLO firstcolo.net,DE,2,0,1,low,asn-vpn-multi-provider
44869,FIBIA P/S,DK,0,2,1,low,tor-radar-network
45146,RAJASA-AS-ID-AP PT. Raja Sepadan Abadi,ID,2,0,1,low,asn-vpn-multi-provider
45731,"ARDH GLOBAL INDONESIA, PT",ID,0,2,1,low,tor-radar-network
46841,"Fork Networking, LLC",US,0,2,1,low,tor-radar-network
47638,Cadence Networks Ltd,GB,0,2,1,low,tor-radar-network
48693,Rices Privately owned enterprise,UA,0,1,2,low,"spamhaus-asndrop,tor-radar-network"
48732,Martial Duboc,FR,0,2,1,low,tor-radar-network
48900,Info Data Center Ltd.,BG,0,2,1,low,tor-radar-network
49447,Nice IT Services Group Inc.,NL,0,2,1,low,tor-radar-network
50867,ORG-LVA15-AS,NL,2,0,1,low,asn-vpn-multi-provider
51724,Flynet Ltd,RU,0,2,1,low,tor-radar-network
51758,ProcoliX B.V.,NL,0,2,1,low,tor-radar-network
53006,ALGAR TELECOM S/A,BR,0,2,1,low,tor-radar-network
54600,PEG TECH INC,US,0,2,1,low,tor-radar-network
54913,"Kamatera, Inc.",CA,0,2,1,low,tor-radar-network
56030,Voyager Internet Ltd.,NZ,0,2,1,low,tor-radar-network
56153,Digital Storage Company Limited,VN,0,2,1,low,tor-radar-network
56478,Hyperoptic Ltd,GB,0,2,1,low,tor-radar-network
57494,Adman LLC,RU,0,2,1,low,tor-radar-network
58940,DEDAUS-AS-AP Dedicated Servers Australia,AU,2,0,1,low,asn-vpn-multi-provider
59432,GINERNET,ES,2,0,1,low,asn-vpn-multi-provider
61098,Akenes SA,BG,0,2,1,low,tor-radar-network
61112,AKILE LTD,HK,0,2,1,low,tor-radar-network
63452,VELOCIHOST,US,2,0,1,low,asn-vpn-multi-provider
63770,Industrial Cyber Security Center of Excellence,JP,0,2,1,low,tor-radar-network
64236,"UnReal Servers, LLC",US,0,2,1,low,tor-radar-network
64457,Matteo Fruhwald trading as PipeHost e.U.,AT,0,1,2,low,"bad-cidrs-v4,tor-radar-network"
131965,Xserver Inc.,JP,0,2,1,low,tor-radar-network
134677,Dromatics Systems Pte Ltd,SG,0,2,1,low,tor-radar-network
137373,IDNIC-SUITEN-AS-ID PT. SUITEN INOVASI SUKSES,ID,2,0,1,low,asn-vpn-multi-provider
138199,TRANSATEL1-AS-AP Transatel,FR,2,0,1,low,asn-vpn-multi-provider
197328,ISTANBULDC1,GE,2,0,1,low,asn-vpn-multi-provider
197524,Leonet GmbH,DE,0,2,1,low,tor-radar-network
198203,ASN-ROUTELABEL,NL,2,0,1,low,asn-vpn-multi-provider
199087,KaseNet Oy,FI,0,2,1,low,tor-radar-network
199173,TechnoLux Ltd.,BG,0,2,1,low,tor-radar-network
199415,Association YORKHOST,FR,0,1,2,low,"bad-cidrs-v4,tor-radar-network"
200533,Civil association Init Lab,BG,0,2,1,low,tor-radar-network
200736,MEDIANET INVEST AE,GR,0,2,1,low,tor-radar-network
201011,CORE-BACKBONE CORE-BACKBONE GMBH GLOBAL NETWORK,DE,2,0,1,low,asn-vpn-multi-provider
201838,Community Fibre Limited,GB,0,2,1,low,tor-radar-network
201924,LERTAS-AS,SK,2,0,1,low,asn-vpn-multi-provider
202302,NETH LLC,UA,0,1,2,low,"spamhaus-asndrop,tor-radar-network"
202520,SkyPass Solutions Sp. z.o.o.,PL,0,2,1,low,tor-radar-network
202616,Wien Energie GmbH,AT,0,2,1,low,tor-radar-network
202870,Dimensione S.r.l.,IT,0,2,1,low,tor-radar-network
205007,Maxim Azarov trading as eServer,RS,0,2,1,low,tor-radar-network
205053,AWEB-ASN,GR,2,0,1,low,asn-vpn-multi-provider
205759,Ghosty Networks LLC,UA,0,1,2,low,"spamhaus-asndrop,tor-radar-network"
206075,Hollander & Jacobsen UG (haftungsbeschraenkt),NL,0,2,1,low,tor-radar-network
207459,TEKNOSOS BILISIM HIZMETLERI VE TIC. LTD. STI.,TR,0,2,1,low,tor-radar-network
209378,INIOS-AS,FI,2,0,1,low,asn-vpn-multi-provider
209641,IHOR HOSTING LTD,RU,0,2,1,low,tor-radar-network
211720,"Datashield, Inc.",SC,0,1,2,low,"spamhaus-asndrop,tor-radar-network"
211882,AQUILENET,FR,0,2,1,low,tor-radar-network
212219,HOSTING DUNYAM BILISIM TEKNOLOJILERI TICARET LIMITED SIRKETI,TR,0,2,1,low,tor-radar-network
212271,Cinzia Tocci trading as Lumanex Srl,IT,0,2,1,low,tor-radar-network
213281,Greenfiber Internet & Dienste GmbH,DE,0,2,1,low,tor-radar-network
213354,INTERNATIONAL HOSTING SOLUTIONS LLP,CZ,0,2,1,low,tor-radar-network
213791,XeniaGroup SRL,IT,0,2,1,low,tor-radar-network
213881,OUR Technology LLC,AZ,0,2,1,low,tor-radar-network
214504,Hostman LTD,DE,0,2,1,low,tor-radar-network
214576,Berdiev Ruslan Mukhabatovich,DE,0,1,2,low,"spamhaus-asndrop,tor-radar-network"
214639,Raul Ghita trading as 'Ghita Telekom',DE,0,2,1,low,tor-radar-network
215904,HostingBazis Beteti Tarsasag,HU,0,2,1,low,tor-radar-network
216071,SERVERS TECH FZCO,NL,0,1,2,low,"bad-cidrs-v4,tor-radar-network"
216127,INTERNATIONAL HOSTING COMPANY LIMITED,DE,0,1,2,low,"spamhaus-asndrop,tor-radar-network"
216188,Bieber IT GmbH,DE,0,2,1,low,tor-radar-network
329268,SS7-AS,TN,2,0,1,low,asn-vpn-multi-provider
393238,"ImOn Communications, LLC",US,0,2,1,low,tor-radar-network
393577,Tritan Development,US,0,2,1,low,tor-radar-network
395510,"Hub66, Inc",US,0,2,1,low,tor-radar-network
396362,"Leaseweb USA, Inc.",US,0,2,1,low,tor-radar-network
398256,"Ultahost, Inc.",US,0,2,1,low,tor-radar-network
398721,OXIO,CA,0,2,1,low,tor-radar-network
399275,Solid Systems LLC,US,0,2,1,low,tor-radar-network
399804,Hostodo,US,0,2,1,low,tor-radar-network
400771,Codehof LLC,US,0,2,1,low,tor-radar-network
9,Carnegie Mellon University,US,0,1,1,low,tor-radar-network
32,Stanford University,US,0,1,1,low,tor-radar-network
88,Princeton University,US,0,1,1,low,tor-radar-network
160,The University of Chicago,US,0,1,1,low,tor-radar-network
812,Rogers Communications Canada Inc.,CA,0,1,1,low,tor-radar-network
823,University of Western Ontario,CA,0,1,1,low,tor-radar-network
1002,Bytefilter LLC,US,0,1,1,low,tor-radar-network
1101,SURF B.V.,NL,0,1,1,low,tor-radar-network
1102,SURF B.V.,NL,0,1,1,low,tor-radar-network
1133,SURF B.V.,NL,0,1,1,low,tor-radar-network
1213,ASIERA TECHNOLOGY SERVICES CLG,IE,0,1,1,low,tor-radar-network
1659,Taiwan Academic Network (TANet) Information Center,TW,0,1,1,low,tor-radar-network
1781,Korea Advanced Institute of Science and Technology,KR,0,1,1,low,tor-radar-network
1836,green.ch AG,CH,0,1,1,low,tor-radar-network
2033,Panix,US,0,1,1,low,tor-radar-network
2116,GLOBALCONNECT AS,NO,0,1,1,low,tor-radar-network
2603,NORDUnet,DK,0,1,1,low,tor-radar-network
2614,Agentia de Administrare a Retelei Nationale de Informatica pentru Educatie si Cercetare,RO,0,1,1,low,tor-radar-network
3061,ProvDotNet LLC,US,0,1,1,low,tor-radar-network
3164,Astimp IT Solution SRL,RO,0,1,1,low,tor-radar-network
3242,REEVO S.P.A.,IT,0,1,1,low,tor-radar-network
3399,Obenet AB,SE,0,1,1,low,tor-radar-network
3927,RGnet OU,US,0,1,1,low,tor-radar-network
4181,TDS TELECOM,US,0,1,1,low,tor-radar-network
4319,Cortland Electronics Corp.,US,0,1,1,low,tor-radar-network
4685,"Asahi Net, Inc.",JP,0,1,1,low,tor-radar-network
4739,iiNet Limited,AU,0,1,1,low,tor-radar-network
4922,Shenandoah Cable Television LLC,US,0,1,1,low,tor-radar-network
5056,Aureon Network Services,US,0,1,1,low,tor-radar-network
5390,Euronet Communications B.V.,NL,0,1,1,low,tor-radar-network
5404,conova communications GmbH,AT,0,1,1,low,tor-radar-network
5466,Eircom Limited,IE,0,1,1,low,tor-radar-network
5603,"Telekom Slovenije, d.d.",SI,0,1,1,low,tor-radar-network
6057,Administracion Nacional de Telecomunicaciones,UY,0,1,1,low,tor-radar-network
6428,CDM,US,1,0,1,low,asn-vpn-multi-provider
6696,VERIXI SA,BE,0,1,1,low,tor-radar-network
6703,"PRIVATE JOINT-STOCK COMPANY ""FARLEP-INVEST""",UA,0,1,1,low,tor-radar-network
6799,Ote SA (Hellenic Telecommunications Organisation),GR,0,1,1,low,tor-radar-network
6810,"""Bezeq""- THE ISRAEL TELECOMMUNICATION CORP. LTD.",IL,0,1,1,low,tor-radar-network
6849,"JSC ""Ukrtelecom""",UA,0,1,1,low,tor-radar-network
7377,"University of California, San Diego",US,0,1,1,low,tor-radar-network
7393,CYBERCON INC.,CA,0,1,1,low,tor-radar-network
7506,GMO Internet INC.,JP,0,1,1,low,tor-radar-network
7552,Viettel Group,VN,0,1,1,low,tor-radar-network
7765,Koumbit,CA,0,1,1,low,tor-radar-network
7992,Cogeco Connexion Inc.,CA,0,1,1,low,tor-radar-network
8048,CANTV Servicios Venezuela,VE,0,1,1,low,tor-radar-network
8218,Zayo Infrastructure France SA,AT,0,1,1,low,tor-radar-network
8254,GREEN FLOID LLC,GR,0,1,1,low,tor-radar-network
8339,kabelplus GmbH,AT,0,1,1,low,tor-radar-network
8437,Hutchison Drei Austria GmbH,AT,0,1,1,low,tor-radar-network
8632,Luxembourg Online S.A.,LU,0,1,1,low,tor-radar-network
8717,A1 Bulgaria EAD,BG,0,1,1,low,tor-radar-network
8820,tal.de GmbH,DE,0,1,1,low,tor-radar-network
8860,Delta HighTech Ltd.,BG,0,1,1,low,tor-radar-network
8873,Alexander Wagberg trading as Wberg Networks,SE,0,1,1,low,tor-radar-network
8916,Portfast Ltd,GB,0,1,1,low,tor-radar-network
9050,ORANGE ROMANIA COMMUNICATION S.A,RO,0,1,1,low,tor-radar-network
9063,VSE NET GmbH,DE,0,1,1,low,tor-radar-network
9158,Telenor A/S,DK,0,1,1,low,tor-radar-network
9198,JSC Kazakhtelecom,KZ,0,1,1,low,tor-radar-network
9269,Hong Kong Broadband Network Limited,HK,0,1,1,low,tor-radar-network
9371,SAKURA internet // WEST JAPAN BACKBONE,JP,0,1,1,low,tor-radar-network
9416,Hoshin Multimedia Center Inc.,TW,0,1,1,low,tor-radar-network
9506,"Singapore Telecommunications Ltd, Magix Services",SG,0,1,1,low,tor-radar-network
9534,Maxis Broadband Sdn Bhd,MY,0,1,1,low,tor-radar-network
9617,JCOM Co. Ltd.,JP,0,1,1,low,tor-radar-network
10013,"FreeBit Co,Ltd.",JP,0,1,1,low,tor-radar-network
10143,SUPERLOOP (AUSTRALIA) PTY LTD,AU,0,1,1,low,tor-radar-network
10297,ENET-2,US,1,0,1,low,asn-vpn-multi-provider
10489,"Armour Cloud, LLC",US,0,1,1,low,tor-radar-network
10961,Boston GigaPoP,US,0,1,1,low,tor-radar-network
10996,Concorde inc.,CA,0,1,1,low,tor-radar-network
11062,Metro Communications Company,US,0,1,1,low,tor-radar-network
11117,"Nuyek, LLC",US,0,1,1,low,tor-radar-network
11272,C Spire Fiber,US,0,1,1,low,tor-radar-network
11847,GoNetSpeed,US,0,1,1,low,tor-radar-network
12129,"123.Net, Inc.",US,0,1,1,low,tor-radar-network
12161,"dao Consulting, LLC",US,0,1,1,low,tor-radar-network
12302,Vodafone Romania S.A.,RO,0,1,1,low,tor-radar-network
12337,noris network AG,DE,0,1,1,low,tor-radar-network
12355,HeLi NET Telekommunikation GmbH & Co.,DE,0,1,1,low,tor-radar-network
12364,"University of Macedonia, Economic and Social Sciences",GR,0,1,1,low,tor-radar-network
12508,Rainside s.r.o.,SK,0,1,1,low,tor-radar-network
12552,GlobalConnect AB,SE,0,1,1,low,tor-radar-network
12578,SIA Tet,LV,0,1,1,low,tor-radar-network
12605,LIWEST Kabelmedien GmbH,AT,0,1,1,low,tor-radar-network
12731,IPHH Internet Port Hamburg GmbH,DE,0,1,1,low,tor-radar-network
12741,Netia SA,PL,0,1,1,low,tor-radar-network
13000,Leon Sp. z o.o.,PL,0,1,1,low,tor-radar-network
13022,Streams Telecommunicationsservices GmbH,AT,0,1,1,low,tor-radar-network
13101,TNG Stadtnetz GmbH,DE,0,1,1,low,tor-radar-network
13110,INEA sp. z o.o.,PL,0,1,1,low,tor-radar-network
13170,Kaisanet Oy,FI,0,1,1,low,tor-radar-network
13308,Peter Olsson,SE,0,1,1,low,tor-radar-network
13428,"Surf Air Wireless, LLC",US,0,1,1,low,tor-radar-network
13868,Peak Internet,US,0,1,1,low,tor-radar-network
14237,Beamspeed LLC,US,0,1,1,low,tor-radar-network
14522,SERVICIOS DE TELECOMUNICACIONES SETEL S.A. (XTRIM EC),EC,0,1,1,low,tor-radar-network
14638,Liberty Communications of Puerto Rico LLC,PR,0,1,1,low,tor-radar-network
14670,WHG Hosting Services Ltd,NL,0,1,1,low,tor-radar-network
14868,Ligga Telecomunicações S.A.,BR,0,1,1,low,tor-radar-network
15366,DNS:NET Internet Service GmbH,DE,0,1,1,low,tor-radar-network
15461,"NVTOV ""SOLVER""",UA,0,1,1,low,tor-radar-network
15547,netplus.ch SA,CH,0,1,1,low,tor-radar-network
15614,Dragon Internet a.s.,CZ,0,1,1,low,tor-radar-network
15962,Orange Slovensko a.s.,SK,0,1,1,low,tor-radar-network
16010,Magticom Ltd.,GE,0,1,1,low,tor-radar-network
16075,TAZ Verlags- und Vertriebsgesellschaft mit beschraenkter Haftung Berlin,DE,0,1,1,low,tor-radar-network
16097,HL komm Telekommunikations GmbH,DE,0,1,1,low,tor-radar-network
16302,Suomi Communications Oy,FI,0,1,1,low,tor-radar-network
16652,Riseup Networks,US,0,1,1,low,tor-radar-network
16904,Arvig Enterprises Inc.,US,0,1,1,low,tor-radar-network
17055,University of Utah,US,0,1,1,low,tor-radar-network
17290,"Austin Hadley, Sole Proprietorship",US,0,1,1,low,tor-radar-network
17356,"Vermont Telephone Company, Inc.",US,0,1,1,low,tor-radar-network
17506,UCOM Corp.,JP,0,1,1,low,tor-radar-network
17511,OPTAGE Inc.,JP,0,1,1,low,tor-radar-network
17551,Anycast Holdings Pty Ltd,AU,0,1,1,low,tor-radar-network
17931,"Netforest,Inc.",JP,0,1,1,low,tor-radar-network
18041,Taiwna Digital Streaming Co.,TW,0,1,1,low,tor-radar-network
18106,Viewqwest Pte Ltd,SG,0,1,1,low,tor-radar-network
18229,CtrlS,IN,0,1,1,low,tor-radar-network
18624,Greenlight,US,0,1,1,low,tor-radar-network
19045,"Direct Communications Cedar Valley, LLC",US,0,1,1,low,tor-radar-network
19165,Webpass Inc.,US,0,1,1,low,tor-radar-network
19504,"WTC Communications, Inc.",US,0,1,1,low,tor-radar-network
19994,Rackspace Hosting,US,0,1,1,low,tor-radar-network
20394,Rainier Connect,US,0,1,1,low,tor-radar-network
20676,Plusnet GmbH,DE,0,1,1,low,tor-radar-network
20904,Cinia Oy,FI,0,1,1,low,tor-radar-network
21211,"Penkiu kontinentu komunikaciju centras, Ltd.",LT,0,1,1,low,tor-radar-network
21334,One Hungary Ltd.,HU,0,1,1,low,tor-radar-network
21581,M5HOSTING,US,1,0,1,low,asn-vpn-multi-provider
22047,VTR BANDA ANCHA S.A.,CL,0,1,1,low,tor-radar-network
22296,Vorsk LLC,US,0,1,1,low,tor-radar-network
22555,"Smart Networks,LLC",PR,0,1,1,low,tor-radar-network
22653,Cyber Wurx LLC,US,0,1,1,low,tor-radar-network
22987,BrightRidge,US,0,1,1,low,tor-radar-network
23033,Wowrack.com,US,0,1,1,low,tor-radar-network
23310,TASTY LIME,US,0,1,1,low,tor-radar-network
23473,PAVLOV MEDIA INC,US,0,1,1,low,tor-radar-network
24282,KAGOYA Japan Inc.,JP,0,1,1,low,tor-radar-network
24309,"Atria Convergence Technologies Pvt. Ltd.,",IN,0,1,1,low,tor-radar-network
24482,SG.GS,SG,0,1,1,low,tor-radar-network
24560,Bharti Airtel Limited,IN,0,1,1,low,tor-radar-network
24875,NovoServe B.V.,NL,0,1,1,low,tor-radar-network
24953,NETPLANET GmbH,AT,0,1,1,low,tor-radar-network
25274,Naracom Kft.,HU,0,1,1,low,tor-radar-network
25353,BAR Informatik AG,CH,0,1,1,low,tor-radar-network
25512,CD-Telematika a.s.,CZ,0,1,1,low,tor-radar-network
25795,"ARP NETWORKS, INC.",US,0,1,1,low,tor-radar-network
25853,Ellijay Telephone Company,US,0,1,1,low,tor-radar-network
26068,"OnShore, Inc.",US,0,1,1,low,tor-radar-network
26527,LightWave Networks,US,0,1,1,low,tor-radar-network
26599,TELEFÔNICA BRASIL S.A,BR,0,1,1,low,tor-radar-network
26666,"Interserver, Inc",US,0,1,1,low,tor-radar-network
26727,Brandenburg Telephone Company,US,0,1,1,low,tor-radar-network
26801,"Zito Media, L.P.",US,0,1,1,low,tor-radar-network
27364,Armstrong,US,0,1,1,low,tor-radar-network
27823,Dattatec.com,AR,0,1,1,low,tor-radar-network
27956,Cyber Cast International S.A.,PA,0,1,1,low,tor-radar-network
28855,Octopuce s.a.r.l.,FR,0,1,1,low,tor-radar-network
28886,RETN Limited,LV,0,1,1,low,tor-radar-network
29485,A1 Hrvatska d.o.o.,HR,0,1,1,low,tor-radar-network
29974,Wightman Telecom,CA,0,1,1,low,tor-radar-network
30766,GGew net GmbH,DE,0,1,1,low,tor-radar-network
30823,aurologic GmbH,DE,0,1,1,low,tor-radar-network
30983,CNRST (Centre National pour la Recherche Scientifique et Technique),MA,0,1,1,low,tor-radar-network
31122,DIGIWEB-AS,IE,1,0,1,low,asn-vpn-multi-provider
31242,P4 Sp. z o.o.,PL,0,1,1,low,tor-radar-network
31246,"O2 Czech Republic, a.s.",CZ,0,1,1,low,tor-radar-network
31371,Wissenschaftsladen Dortmund e.V.,DE,0,1,1,low,tor-radar-network
31469,Virtual Systems LLC,MD,0,1,1,low,tor-radar-network
31775,"Greenlight Networks, LLC",US,0,1,1,low,tor-radar-network
32133,Ting Fiber Inc.,CA,0,1,1,low,tor-radar-network
32167,LSHIY LLC,HK,0,1,1,low,tor-radar-network
32338,Hostiserver Ltd,NL,0,1,1,low,tor-radar-network
32723,Archtop Fiber,US,0,1,1,low,tor-radar-network
33255,Hampden-Sydney College,US,0,1,1,low,tor-radar-network
33588,Charter Communications LLC,US,0,1,1,low,tor-radar-network
33885,Telenor Sverige AB,SE,0,1,1,low,tor-radar-network
33984,Surfplanet GmbH,DE,0,1,1,low,tor-radar-network
34362,Terrakom d.o.o.,HR,0,1,1,low,tor-radar-network
34694,Stadtwerke Woergl GmbH,AT,0,1,1,low,tor-radar-network
34700,"MAXNET TELECOM, LTD",UA,0,1,1,low,tor-radar-network
34779,"T-2, d.o.o.",SI,0,1,1,low,tor-radar-network
34911,ELDATA prazska s.r.o.,CZ,0,1,1,low,tor-radar-network
35042,Layer7 Networks GmbH,BG,0,1,1,low,tor-radar-network
35244,Tele Columbus AG,DE,0,1,1,low,tor-radar-network
35369,LINZ STROM GAS WAERME GmbH fuer Energiedienstleistungen und Telekommunikation,AT,0,1,1,low,tor-radar-network
35425,Iomart Managed Services Limited,GB,0,1,1,low,tor-radar-network
35426,NXT Initiative SAS,FR,0,1,1,low,tor-radar-network
35434,PirxNet Grzegorz Bialas,PL,0,1,1,low,tor-radar-network
35470,Signet B.V.,NL,0,1,1,low,tor-radar-network
35680,Volia-Cable LLC,UA,0,1,1,low,tor-radar-network
36012,HUNTER COMMUNICATIONS,US,0,1,1,low,tor-radar-network
36103,"Central Utah Telephone, Inc.",US,0,1,1,low,tor-radar-network
36114,VERSAWEB-ASN,US,1,0,1,low,asn-vpn-multi-provider
36375,University of Michigan,US,0,1,1,low,tor-radar-network
39375,Telekomunikacja Podlasie Sp. z o.o.,PL,0,1,1,low,tor-radar-network
39409,Sebastian-Wilhelm Graf,NL,0,1,1,low,tor-radar-network
39622,ZERGRUSH SRL,RO,0,1,1,low,tor-radar-network
39788,Chaos Computer Club e.V.,DE,0,1,1,low,tor-radar-network
39819,Optima Telecom Ltd.,KG,0,1,1,low,tor-radar-network
41319,SOFT PRO 2 Sp. z o.o.,PL,0,1,1,low,tor-radar-network
41653,Aqua Ray SAS,FR,0,1,1,low,tor-radar-network
42487,Vialis SEM,FR,0,1,1,low,tor-radar-network
42652,inexio Informationstechnologie und Telekommunikation Gmbh,DE,0,1,1,low,tor-radar-network
42807,CIZGI TELEKOMUNIKASYON ANONIM SIRKETI,TR,0,1,1,low,tor-radar-network
42927,S-NET Sp. z o.o.,PL,0,1,1,low,tor-radar-network
43067,"PE ""Pretcher""",UA,0,1,1,low,tor-radar-network
43118,East & West Sp. z o.o.,PL,0,1,1,low,tor-radar-network
43139,Maximum-Net LLC,UA,0,1,1,low,tor-radar-network
43180,Trunk Networks LTD,SG,0,1,1,low,tor-radar-network
43376,DOTRO TELECOM SRL,RO,0,1,1,low,tor-radar-network
43529,ViDaNet Cabletelevision Provider Ltd.,HU,0,1,1,low,tor-radar-network
43619,Association pour l'union des reseaux des residences etudiantes (AURORE),FR,0,1,1,low,tor-radar-network
43653,"PEGO Slovakia, s.r.o.",SK,0,1,1,low,tor-radar-network
43927,HOSTERION SRL,NL,0,1,1,low,tor-radar-network
44489,"STARNET, s.r.o.",CZ,0,1,1,low,tor-radar-network
44684,Mythic Beasts Ltd,GB,0,1,1,low,tor-radar-network
44716,D-hosting die Rackspace & Connectivity GmbH,DE,0,1,1,low,tor-radar-network
44820,Denis Pavlovich Semenyuk,UA,0,1,1,low,tor-radar-network
45007,VIPNET PRIM Ltd,BG,0,1,1,low,tor-radar-network
45032,FABIT-AS,DK,1,0,1,low,asn-vpn-multi-provider
45037,Propelin Consulting S.L.U.,ES,0,1,1,low,tor-radar-network
45413,SERVENET-AS-TH-AP ServeNET Solution Limited Partnership,TH,1,0,1,low,asn-vpn-multi-provider
46632,Southwest Arkansas Telephone Cooperative,US,0,1,1,low,tor-radar-network
46887,Crown Castle Fiber LLC,US,0,1,1,low,tor-radar-network
46979,Madison County Telephone Company,US,0,1,1,low,tor-radar-network
47272,HYEHOST LTD,GB,0,1,1,low,tor-radar-network
47325,VPS4You Kft.,HU,0,1,1,low,tor-radar-network
47474,Virtual1 Limited,GB,0,1,1,low,tor-radar-network
47521,IPHOST .GR IpDomain,GR,1,0,1,low,asn-vpn-multi-provider
47536,PathConnect GmbH,DE,0,1,1,low,tor-radar-network
47544,IQ PL Sp. z o.o.,PL,0,1,1,low,tor-radar-network
47692,Nessus GmbH,AT,0,1,1,low,tor-radar-network
48040,Fornex Hosting S.L.,SE,0,1,1,low,tor-radar-network
48101,Trooli Ltd.,GB,0,1,1,low,tor-radar-network
48239,Scientific-Production Enterprise Information Technologies Ltd,UA,0,1,1,low,tor-radar-network
48282,Hosting technology LTD,RU,0,1,1,low,tor-radar-network
48574,T-Mobile Czech Republic a.s.,CZ,0,1,1,low,tor-radar-network
48635,Your Hosting B.V.,NL,0,1,1,low,tor-radar-network
48678,Pentech Bilisim Teknolojileri Sanayi Ve Ticaret Limited Sirketi,TR,0,1,1,low,tor-radar-network
48823,Hosting.de GmbH,DE,0,1,1,low,tor-radar-network
48926,Pe3ny Net s.r.o.,CZ,0,1,1,low,tor-radar-network
49289,Omegacom S.R.L.S.,IT,0,1,1,low,tor-radar-network
49544,i3D.net B.V,NL,0,1,1,low,tor-radar-network
49592,Pipe Networks LTD,SI,0,1,1,low,tor-radar-network
49601,UNITEL-MEDIA Sp. z o.o.,PL,0,1,1,low,tor-radar-network
49826,Lounea Palvelut Oy,FI,0,1,1,low,tor-radar-network
49855,PLUTEX GmbH,DE,0,1,1,low,tor-radar-network
50049,RedSwitches Pty LTD.,NL,0,1,1,low,tor-radar-network
50053,Anton Levin,KG,0,1,1,low,tor-radar-network
50606,Horyzont Technologie Internetowe sp.z.o.o.,PL,0,1,1,low,tor-radar-network
50629,LWLcom GmbH,EU,0,1,1,low,tor-radar-network
50821,Bredband2 Stockholms Stadsnaet AB,SE,0,1,1,low,tor-radar-network
50840,Marek Bajerski trading as HITME.PL,PL,0,1,1,low,tor-radar-network
51175,Multiplay Sp. z o.o.,PL,0,1,1,low,tor-radar-network
51784,"""X-City"" Ltd.",UA,0,1,1,low,tor-radar-network
51824,PE NIKOLAYENKO NIKOLAY IVANOVICH,UA,0,1,1,low,tor-radar-network
51960,Promarket Computers Sp. z o.o.,PL,0,1,1,low,tor-radar-network
52000,MIRhosting B.V.,NL,0,1,1,low,tor-radar-network
52053,REDHEBERG Association declaree,FR,0,1,1,low,tor-radar-network
52092,"Alf servis, s.r.o.",CZ,0,1,1,low,tor-radar-network
52201,TCTEL,RU,1,0,1,low,asn-vpn-multi-provider
53072,INETVIP TELECOM LTDA,BR,0,1,1,low,tor-radar-network
53808,MoeDove,HK,0,1,1,low,tor-radar-network
53850,"GorillaServers, Inc.",US,0,1,1,low,tor-radar-network
53914,"Genesis Hosting Solutions, LLC",US,0,1,1,low,tor-radar-network
54641,"InMotion Hosting, Inc.",US,0,1,1,low,tor-radar-network
54965,Polytechnic Institute of NYU,US,0,1,1,low,tor-radar-network
55293,"A2 Hosting, Inc.",US,0,1,1,low,tor-radar-network
55423,JasTel Network Company Limited,TH,0,1,1,low,tor-radar-network
55592,"Korea Data Telecommunication Co., Ltd.",KR,0,1,1,low,tor-radar-network
55850,Mercury NZ Limited,NZ,0,1,1,low,tor-radar-network
56380,''IT FRUIT'' S.R.L.,MD,0,1,1,low,tor-radar-network
56611,REBA Communications BV,NL,0,1,1,low,tor-radar-network
57403,HFM S.R.L,RO,0,1,1,low,tor-radar-network
57717,FiberXpress BV,NL,0,1,1,low,tor-radar-network
57811,Redge Technologies sp. z o.o.,PL,0,1,1,low,tor-radar-network
58010,uvensys GmbH,DE,0,1,1,low,tor-radar-network
58299,Openfactory GmbH,DE,0,1,1,low,tor-radar-network
58915,Serversaurus,AU,0,1,1,low,tor-radar-network
58965,ANJANI BROADBAND SOLUTIONS PVT.LTD.,IN,0,1,1,low,tor-radar-network
59444,Andrzej Szreter AMSNET,PL,0,1,1,low,tor-radar-network
59491,Livenet Sp. z o.o.,PL,0,1,1,low,tor-radar-network
59702,Junet AB,SE,0,1,1,low,tor-radar-network
59720,Bofiber AS,NO,0,1,1,low,tor-radar-network
59741,Marco Sandro Naef,CH,0,1,1,low,tor-radar-network
59878,BFB ONE FZ-LLC,US,0,1,1,low,tor-radar-network
59891,FSIT AG,CH,0,1,1,low,tor-radar-network
60131,High5! B.V.,NL,0,1,1,low,tor-radar-network
60191,Nowatel Sp. z o.o.,PL,0,1,1,low,tor-radar-network
60522,KomMITT-Ratingen GmbH,DE,0,1,1,low,tor-radar-network
60900,Adrian Trifonov trading as Ssmidge Technologies,US,0,1,1,low,tor-radar-network
61046,HZ Hosting Ltd,GB,0,1,1,low,tor-radar-network
61157,PlusServer GmbH,DE,0,1,1,low,tor-radar-network
61323,ANS ACADEMY LIMITED,GB,0,1,1,low,tor-radar-network
61424,eServer s.r.o.,SK,0,1,1,low,tor-radar-network
61487,COOPERATIVA ELECTRICA DE SALADILLO,AR,0,1,1,low,tor-radar-network
61493,InterBS S.R.L. (BAEHOST),CA,0,1,1,low,tor-radar-network
62212,SmartApe OU,CZ,0,1,1,low,tor-radar-network
62214,Rackforest Zrt.,HU,0,1,1,low,tor-radar-network
62248,MODIRUM MDPAY OU,NO,0,1,1,low,tor-radar-network
62365,SachsenGigaBit GmbH,DE,0,1,1,low,tor-radar-network
62564,"LINVEO, LLC",US,0,1,1,low,tor-radar-network
63150,BAGE CLOUD LLC,DE,0,1,1,low,tor-radar-network
64073,VETTA TRADING LIMITED,NZ,0,1,1,low,tor-radar-network
131970,Hikarinet Inc.,JP,0,1,1,low,tor-radar-network
132986,Digital Dreams Consulting Pvt Ltd,IN,0,1,1,low,tor-radar-network
134351,Leaseweb Japan K.K.,JP,0,1,1,low,tor-radar-network
134835,Starry Network Limited,HK,0,1,1,low,tor-radar-network
135377,UCLOUD INFORMATION TECHNOLOGY (HK) LIMITED,US,0,1,1,low,tor-radar-network
135411,Red Grapes Pte Ltd,BD,0,1,1,low,tor-radar-network
135600,Whiz Communications Pte Ltd,US,0,1,1,low,tor-radar-network
138754,Kerala Vision Broad Band Private Limited,IN,0,1,1,low,tor-radar-network
140543,"ReadyDedis, LLC",IN,0,1,1,low,tor-radar-network
147181,Flarezen Ltd.,BD,0,1,1,low,tor-radar-network
150855,MAY SOC COMPANY LIMITED,VN,0,1,1,low,tor-radar-network
152565,JOY SERVICES,IN,0,1,1,low,tor-radar-network
152644,QINIU (CHINA) limited,US,0,1,1,low,tor-radar-network
152900,Onidel Pty Ltd,US,0,1,1,low,tor-radar-network
154317,VyomCloud,IN,0,1,1,low,tor-radar-network
154438,Superstify Technology Pte Ltd,SG,0,1,1,low,tor-radar-network
196967,N.Henulin,SE,0,1,1,low,tor-radar-network
197071,active 1 GmbH,DE,0,1,1,low,tor-radar-network
197448,NT Group Systemy Informatyczne Sp. z o.o.,PL,0,1,1,low,tor-radar-network
197451,Brno University of Technology,CZ,0,1,1,low,tor-radar-network
197902,Hostnet B.V.,NL,0,1,1,low,tor-radar-network
198037,SPACECORE SOLUTION LTD,DE,0,1,1,low,tor-radar-network
198161,"Sokolovska uhelna, pravni nastupce, a.s.",CZ,0,1,1,low,tor-radar-network
198726,Wemaconnect GmbH,DE,0,1,1,low,tor-radar-network
198859,Osuuskunta Keskikaista,FI,0,1,1,low,tor-radar-network
198930,Vereinigte Stadtwerke Media GmbH,DE,0,1,1,low,tor-radar-network
198967,BITel Gesellschaft fuer Telekommunikation mbH,DE,0,1,1,low,tor-radar-network
199091,The Best Media Halina Ostrowska,PL,0,1,1,low,tor-radar-network
199118,Heinlein-Support GmbH,DE,0,1,1,low,tor-radar-network
199319,VOICE-NET-AS,PL,1,0,1,low,asn-vpn-multi-provider
199428,Alvaro Navas,NL,0,1,1,low,tor-radar-network
199754,Adrian Pfeffer,NL,0,1,1,low,tor-radar-network
199829,Akronic Network LTDA,BR,0,1,1,low,tor-radar-network
199912,Layer7 Networks GmbH,FR,0,1,1,low,tor-radar-network
199918,Wilton Arthur Poth,DE,0,1,1,low,tor-radar-network
200088,Artnet Sp. z o.o.,NL,0,1,1,low,tor-radar-network
200233,Berner Fachhochschule,CH,0,1,1,low,tor-radar-network
200490,Felix Annen,DE,0,1,1,low,tor-radar-network
200713,Zettaplan AG,CH,0,1,1,low,tor-radar-network
200912,Joel Krause,NL,0,1,1,low,tor-radar-network
200918,Pavel Zizka,CZ,0,1,1,low,tor-radar-network
200950,Calibour Limited,DE,0,1,1,low,tor-radar-network
201392,Furry Network Services,GB,0,1,1,low,tor-radar-network
202282,FIBRUS NETWORKS LTD,GB,0,1,1,low,tor-radar-network
202329,Verein zur Foerderung freier Netze Region Mittlerer Oberrhein e.V.,DE,0,1,1,low,tor-radar-network
202539,Internetmanufaktur Karlsruhe UG (haftungsbeschraenkt),DE,0,1,1,low,tor-radar-network
203363,Kuroit Limited,GB,0,1,1,low,tor-radar-network
203380,DA International Group Ltd.,BG,0,1,1,low,tor-radar-network
203424,TUSSA IKT AS,NO,0,1,1,low,tor-radar-network
203662,3K33 sp. z o.o.,PL,0,1,1,low,tor-radar-network
203758,EUGAMEHOST LTD,DE,0,1,1,low,tor-radar-network
203919,LUMADOCK LTD,FR,0,1,1,low,tor-radar-network
204548,Kamatera Inc,DE,0,1,1,low,tor-radar-network
204641,HOSTGW SRL,RO,0,1,1,low,tor-radar-network
204666,Jiri Tlapak,CZ,0,1,1,low,tor-radar-network
204911,Digitale Partizipation e.V.,DE,0,1,1,low,tor-radar-network
205703,Stadtwerke Teterow GmbH,DE,0,1,1,low,tor-radar-network
205714,Telemach Hrvatska d.o.o.,HR,0,1,1,low,tor-radar-network
205941,Lungu Stefan Gabriel,US,0,1,1,low,tor-radar-network
206125,Nicklas Yli-Lantta,FI,0,1,1,low,tor-radar-network
206774,Internetnord AB,SE,0,1,1,low,tor-radar-network
207187,"TKR Jasek, s.r.o.",CZ,0,1,1,low,tor-radar-network
207252,Felix Gassan,DE,0,1,1,low,tor-radar-network
207279,Markahost Telekomunikasyon Ve Ticaret Limited Sirketi,TR,0,1,1,low,tor-radar-network
207326,HostLAB Bilisim Teknolojileri A.S.,TR,0,1,1,low,tor-radar-network
207590,Matteo Filiberto Sciacca trading as LocLix,DE,0,1,1,low,tor-radar-network
207728,EUROHOSTER Ltd.,US,0,1,1,low,tor-radar-network
207799,BOTANY SRL,IT,0,1,1,low,tor-radar-network
207841,Inferno Communications Ltd,GB,0,1,1,low,tor-radar-network
207916,Velocity1 Limited,GB,0,1,1,low,tor-radar-network
208101,Michael Kloos,DE,0,1,1,low,tor-radar-network
208674,Association TekitUp,FR,0,1,1,low,tor-radar-network
208677,"""Cloud Technologies"" LLC trading as Cloud.ru",RU,0,1,1,low,tor-radar-network
208723,VDX SYSTEMS LTD,GB,0,1,1,low,tor-radar-network
208988,Buchholz Digital GmbH,DE,0,1,1,low,tor-radar-network
209260,SERVA ONE LTD,RO,0,1,1,low,tor-radar-network
209272,Alviva Holding Limited,UA,0,1,1,low,tor-radar-network
209341,WHG Hosting Services Ltd,DE,0,1,1,low,tor-radar-network
209693,OC NETWORKS LIMITED,NL,0,1,1,low,tor-radar-network
209825,Katanytsia Lyubov Viktorivna,UA,0,1,1,low,tor-radar-network
210100,Adam Chodkowski,US,0,1,1,low,tor-radar-network
210152,Jon Vanvik trading as Vanvik Internet,NO,0,1,1,low,tor-radar-network
210538,KEYUBU Internet ve Bilisim Tic. Ltd. Sti.,UA,0,1,1,low,tor-radar-network
210546,CHSL ONE LTD,DE,0,1,1,low,tor-radar-network
210699,Infrawire Networks SAS,FR,0,1,1,low,tor-radar-network
210718,FIVE CYBER HOST SECURITY S.R.L.,RO,0,1,1,low,tor-radar-network
210874,Box Broadband Limited,GB,0,1,1,low,tor-radar-network
210893,Layered Technologies Limited,GB,0,1,1,low,tor-radar-network
211301,Collin Schneeweiss trading as Unesty Company,DE,0,1,1,low,tor-radar-network
211750,Stef Herman Anton Wolters trading as MC-Node,NL,0,1,1,low,tor-radar-network
212895,Johannes Ernst,CA,0,1,1,low,tor-radar-network
212913,TIME-HOST LTD,RU,0,1,1,low,tor-radar-network
213449,Jann-Ole Wagenaar,DE,0,1,1,low,tor-radar-network
213468,HD-decor Oy,FI,0,1,1,low,tor-radar-network
213877,U1 DIGITAL SERVICES LTD,FI,0,1,1,low,tor-radar-network
213929,UP-NETWORK Sarl,CH,0,1,1,low,tor-radar-network
213959,Florian Overkamp,NL,0,1,1,low,tor-radar-network
214279,DASABO OU,DE,0,1,1,low,tor-radar-network
214854,VULUT BILISIM TEKNOLOJILERI LIMITED SIRKETI,TR,0,1,1,low,tor-radar-network
214902,Philip Fjaera trading as PFWeb Solutions,DE,0,1,1,low,tor-radar-network
215120,Evolus IT Solutions GmbH,AT,0,1,1,low,tor-radar-network
215124,FLEXICORE SASU,FR,0,1,1,low,tor-radar-network
215273,Hexabyte AB,SE,0,1,1,low,tor-radar-network
215365,Tom Gewiese,DE,0,1,1,low,tor-radar-network
215439,PLAY2GO INTERNATIONAL LIMITED,FI,0,1,1,low,tor-radar-network
215467,Skhron OU,SE,0,1,1,low,tor-radar-network
215607,dataforest GmbH,DE,0,1,1,low,tor-radar-network
215703,FREAKHOSTING LTD,DE,0,1,1,low,tor-radar-network
215733,Blacknight Internet Solutions Limited,IE,0,1,1,low,tor-radar-network
215747,NubaCloud B.V.,NL,0,1,1,low,tor-radar-network
216107,Noah van der Aa trading as Frumentum Media,NL,0,1,1,low,tor-radar-network
216275,Netnoerden ApS,DK,0,1,1,low,tor-radar-network
216309,InvisionTech Group S.r.l.,IT,0,1,1,low,tor-radar-network
216475,NKtelecom INC,US,0,1,1,low,tor-radar-network
262369,ok virtual provedor de internet ltda,BR,0,1,1,low,tor-radar-network
262391,ACESSOLINE TELECOMUNICAÇÕES LTDA,BR,0,1,1,low,tor-radar-network
263108,OPANET TELECOMUNICACOES LTDA - ME,BR,0,1,1,low,tor-radar-network
263608,WSNET TELECOM LTDA ME,BR,0,1,1,low,tor-radar-network
263786,COOP. ELECTRICA DE CHACABUCO LTDA.,AR,0,1,1,low,tor-radar-network
264715,COOPERATIVA ELECTRICA LIMITADA DE RUFINO,AR,0,1,1,low,tor-radar-network
270824,ENX Services,BR,0,1,1,low,tor-radar-network
328170,DataKeepers (Pty) Ltd,ZA,0,1,1,low,tor-radar-network
328723,Telasera Technologies PTY LTD,ZA,0,1,1,low,tor-radar-network
329263,Libyan Spider for IT LTD.,LY,0,1,1,low,tor-radar-network
393336,Catalyst Host LLC,US,0,1,1,low,tor-radar-network
393408,University of Portland,US,0,1,1,low,tor-radar-network
393552,Longmont Power & Communications,US,0,1,1,low,tor-radar-network
393746,Amazing Creations and More LLC,US,0,1,1,low,tor-radar-network
394056,BIF IV,US,0,1,1,low,tor-radar-network
394503,Pseudonym.mx LLC,US,0,1,1,low,tor-radar-network
395354,"Starry, Inc.",US,0,1,1,low,tor-radar-network
395570,Beanfield Technologies Inc.,CA,0,1,1,low,tor-radar-network
395662,"OzarksGo, LLC",US,0,1,1,low,tor-radar-network
395853,NYC Mesh Inc.,US,0,1,1,low,tor-radar-network
396982,Google LLC,PL,0,1,1,low,tor-radar-network
397142,City of Fort Collins,US,0,1,1,low,tor-radar-network
399334,Skysilk,US,0,1,1,low,tor-radar-network
399647,Rumble USA Inc.,US,0,1,1,low,tor-radar-network
399760,Zabbly,CA,0,1,1,low,tor-radar-network
400304,Redoubt Networks,US,0,1,1,low,tor-radar-network
400556,"Elcro Digital Services, LLC",US,0,1,1,low,tor-radar-network
400564,"Weston Reed, Sole Proprietorship",US,0,1,1,low,tor-radar-network
400596,Technologies Elixior,CA,0,1,1,low,tor-radar-network
400810,BreezeHost,US,0,1,1,low,tor-radar-network
400848,DHI TECHNICAL SERVICES LLC,US,0,1,1,low,tor-radar-network
400897,PETROSKY CLOUD LLC,FR,0,1,1,low,tor-radar-network
401604,Colocataires Inc.,CA,0,1,1,low,tor-radar-network
401652,"FOREVER BUCKET, INC.",US,0,1,1,low,tor-radar-network
402169,Uscloud Inc,US,0,1,1,low,tor-radar-network
